-- --------------------------------------------------------
-- Хост:                         127.0.0.1
-- Версия сервера:               5.1.53-community - MySQL Community Server (GPL)
-- Операционная система:         Win32
-- HeidiSQL Версия:              9.4.0.5125
-- --------------------------------------------------------

/*!40101 SET @OLD_CHARACTER_SET_CLIENT=@@CHARACTER_SET_CLIENT */;
/*!40101 SET NAMES utf8 */;
/*!40014 SET @OLD_FOREIGN_KEY_CHECKS=@@FOREIGN_KEY_CHECKS, FOREIGN_KEY_CHECKS=0 */;
/*!40101 SET @OLD_SQL_MODE=@@SQL_MODE, SQL_MODE='NO_AUTO_VALUE_ON_ZERO' */;

USE `ECatalog`;

-- Дамп структуры для таблица catalog.component
DROP TABLE IF EXISTS `component`;
CREATE TABLE IF NOT EXISTS `component` (
  `id` int(10) unsigned NOT NULL AUTO_INCREMENT,
  `Type` int(10) unsigned NOT NULL DEFAULT '1',
  `Name` text NOT NULL,
  `Pack` int(10) unsigned NOT NULL,
  PRIMARY KEY (`id`),
  KEY `FK_component_package` (`Pack`),
  KEY `FK_component_type` (`Type`),
  CONSTRAINT `FK_component_package` FOREIGN KEY (`Pack`) REFERENCES `package` (`id`),
  CONSTRAINT `FK_component_type` FOREIGN KEY (`Type`) REFERENCES `type` (`id`)
) ENGINE=InnoDB AUTO_INCREMENT=1536 DEFAULT CHARSET=utf8;

-- Дамп данных таблицы catalog.component: ~1 054 rows (приблизительно)
/*!40000 ALTER TABLE `component` DISABLE KEYS */;
INSERT INTO `component` (`id`, `Type`, `Name`, `Pack`) VALUES
	(345, 5, '1 Ом 0,25 Вт 5%', 5),
	(346, 5, '1,1 Ом 0,25 Вт 5%', 5),
	(352, 5, '2 Ом 0,25 Вт 5%', 5),
	(353, 5, '3,3 Ом 0,25 Вт 5%', 5),
	(354, 5, '3,6 Ом 0,25 Вт 5%', 5),
	(355, 5, '3 Ом 0,25 Вт 5%', 5),
	(356, 5, '2,7 Ом 0,25 Вт 5%', 5),
	(358, 5, '2,2 Ом 0,25 Вт 5%', 5),
	(359, 5, '5,6 Ом 0,25 Вт 5%', 5),
	(360, 5, '5,1 Ом 0,25 Вт 5%', 5),
	(361, 5, '4,3 Ом 0,25 Вт 5%', 5),
	(362, 5, '3,9 Ом 0,25 Вт 5%', 5),
	(363, 5, '6,2 Ом 0,25 Вт 5%', 5),
	(364, 5, '4,7 Ом 0,25 Вт 5%', 5),
	(368, 5, '8,2 Ом 0,25 Вт 5%', 5),
	(369, 5, '7,5 Ом 0,25 Вт 5%', 5),
	(370, 5, '6,8 Ом 0,25 Вт 5%', 5),
	(372, 5, '13 Ом 0,25 Вт 5%', 5),
	(373, 5, '15 Ом 0,25 Вт 5%', 5),
	(374, 5, '16 Ом 0,25 Вт 5%', 5),
	(375, 5, '18 Ом 0,25 Вт 5%', 5),
	(376, 5, '20 Ом 0,25 Вт 5%', 5),
	(377, 5, '22 Ом 0,25 Вт 5%', 5),
	(378, 5, '24 Ом 0,25 Вт 5%', 5),
	(379, 5, '27 Ом 0,25 Вт 5%', 5),
	(380, 5, '30 Ом 0,25 Вт 5%', 5),
	(381, 5, '33 Ом 0,25 Вт 5%', 5),
	(382, 5, '36 Ом 0,25 Вт 5%', 5),
	(383, 5, '39 Ом 0,25 Вт 5%', 5),
	(384, 5, '43 Ом 0,25 Вт 5%', 5),
	(385, 5, '47 Ом 0,25 Вт 5%', 5),
	(386, 5, '51 Ом 0,25 Вт 5%', 5),
	(387, 5, '56 Ом 0,25 Вт 5%', 5),
	(388, 5, '62 Ом 0,25 Вт 5%', 5),
	(389, 5, '68 Ом 0,25 Вт 5%', 5),
	(392, 5, '82 Ом 0,25 Вт 5%', 5),
	(394, 5, '120 Ом 0,25 Вт 5%', 5),
	(395, 5, '91 Ом 0,25 Вт 5%', 5),
	(396, 5, '160 Ом 0,25 Вт 5%', 5),
	(397, 5, '150 Ом 0,25 Вт 5%', 5),
	(398, 5, '130 Ом 0,25 Вт 5%', 5),
	(399, 5, '180 Ом 0,25 Вт 5%', 5),
	(400, 5, '200 Ом 0,25 Вт 5%', 5),
	(401, 5, '270 Ом 0,25 Вт 5%', 5),
	(402, 5, '240 Ом 0,25 Вт 5%', 5),
	(403, 5, '300 Ом 0,25 Вт 5%', 5),
	(405, 5, '220 Ом 0,25 Вт 5%', 5),
	(406, 5, '360 Ом 0,25 Вт 5%', 5),
	(407, 5, '430 Ом 0,25 Вт 5%', 5),
	(408, 5, '470 Ом 0,25 Вт 5%', 5),
	(409, 5, '510 Ом 0,25 Вт 5%', 5),
	(410, 5, '390 Ом 0,25 Вт 5%', 5),
	(411, 5, '820 Ом 0,25 Вт 5%', 5),
	(412, 5, '750 Ом 0,25 Вт 5%', 5),
	(413, 5, '620 Ом 0,25 Вт 5%', 5),
	(414, 5, '680 Ом 0,25 Вт 5%', 5),
	(415, 5, '560 Ом 0,25 Вт 5%', 5),
	(418, 5, '1,1 кОм 0,25 Вт 5%', 5),
	(419, 5, '910 Ом 0,25 Вт 5%', 5),
	(420, 5, '1 кОм 0,25 Вт 5%', 5),
	(421, 5, '2,2 кОм 0,25 Вт 5%', 5),
	(425, 5, '2 кОм 0,25 Вт 5%', 5),
	(426, 5, '3 кОм 0,25 Вт 5%', 5),
	(427, 5, '2,7 кОм 0,25 Вт 5%', 5),
	(428, 5, '3,3 кОм 0,25 Вт 5%', 5),
	(429, 5, '3,6 кОм 0,25 Вт 5%', 5),
	(431, 5, '4,7 кОм 0,25 Вт 5%', 5),
	(432, 5, '3,9 кОм 0,25 Вт 5%', 5),
	(433, 5, '4,3 кОм 0,25 Вт 5%', 5),
	(434, 5, '5,1 кОм 0,25 Вт 5%', 5),
	(435, 5, '8,2 кОм 0,25 Вт 5%', 5),
	(436, 5, '5,6 кОм 0,25 Вт 5%', 5),
	(437, 5, '6,2 кОм 0,25 Вт 5%', 5),
	(438, 5, '6,8 кОм 0,25 Вт 5%', 5),
	(439, 5, '9,1 кОм 0,25 Вт 5%', 5),
	(440, 5, '7,5 кОм 0,25 Вт 5%', 5),
	(444, 5, '13 кОм 0,25 Вт 5%', 5),
	(445, 5, '15 кОм 0,25 Вт 5%', 5),
	(446, 5, '18 кОм 0,25 Вт 5%', 5),
	(447, 5, '16 кОм 0,25 Вт 5%', 5),
	(448, 5, '20 кОм 0,25 Вт 5%', 5),
	(449, 5, '22 кОм 0,25 Вт 5%', 5),
	(450, 5, '24 кОм 0,25 Вт 5%', 5),
	(451, 5, '39 кОм 0,25 Вт 5%', 5),
	(452, 5, '27 кОм 0,25 Вт 5%', 5),
	(453, 5, '30 кОм 0,25 Вт 5%', 5),
	(454, 5, '33 кОм 0,25 Вт 5%', 5),
	(455, 5, '36 кОм 0,25 Вт 5%', 5),
	(456, 5, '51 кОм 0,25 Вт 5%', 5),
	(457, 5, '62 кОм 0,25 Вт 5%', 5),
	(458, 5, '56 кОм 0,25 Вт 5%', 5),
	(459, 5, '47 кОм 0,25 Вт 5%', 5),
	(460, 5, '43 кОм 0,25 Вт 5%', 5),
	(462, 5, '68 кОм 0,25 Вт 5%', 5),
	(463, 5, '82 кОм 0,25 Вт 5%', 5),
	(464, 5, '75 кОм 0,25 Вт 5%', 5),
	(465, 5, '91 кОм 0,25 Вт 5%', 5),
	(467, 5, '130 кОм 0,25 Вт 5%', 5),
	(468, 5, '120 кОм 0,25 Вт 5%', 5),
	(470, 5, '150 кОм 0,25 Вт 5%', 5),
	(471, 5, '180 кОм 0,25 Вт 5%', 5),
	(472, 5, '160 кОм 0,25 Вт 5%', 5),
	(473, 5, '200 кОм 0,25 Вт 5%', 5),
	(474, 5, '220 кОм 0,25 Вт 5%', 5),
	(475, 5, '240 кОм 0,25 Вт 5%', 5),
	(476, 5, '390 кОм 0,25 Вт 5%', 5),
	(477, 5, '360 кОм 0,25 Вт 5%', 5),
	(478, 5, '300 кОм 0,25 Вт 5%', 5),
	(479, 5, '330 кОм 0,25 Вт 5%', 5),
	(480, 5, '270 кОм 0,25 Вт 5%', 5),
	(481, 5, '430 кОм 0,25 Вт 5%', 5),
	(482, 5, '470 кОм 0,25 Вт 5%', 5),
	(483, 5, '510 кОм 0,25 Вт 5%', 5),
	(484, 5, '560 кОм 0,25 Вт 5%', 5),
	(485, 5, '620 кОм 0,25 Вт 5%', 5),
	(486, 5, '680 кОм 0,25 Вт 5%', 5),
	(487, 5, '750 кОм 0,25 Вт 5%', 5),
	(488, 5, '820 кОм 0,25 Вт 5%', 5),
	(489, 5, '910 кОм 0,25 Вт 5%', 5),
	(490, 5, '1 МОм 0,25 Вт 5%', 5),
	(497, 5, '2,2 МОм 0,25 Вт 5%', 5),
	(498, 5, '2 МОм 0,25 Вт 5%', 5),
	(499, 5, '2,7 МОм 0,25 Вт 5%', 5),
	(500, 5, '3 МОм 0,25 Вт 5%', 5),
	(501, 5, '3,9 МОм 0,25 Вт 5%', 5),
	(502, 5, '3,6 МОм 0,25 Вт 5%', 5),
	(503, 5, '3,3 МОм 0,25 Вт 5%', 5),
	(504, 5, '4,7 МОм 0,25 Вт 5%', 5),
	(505, 5, '4,3 МОм 0,25 Вт 5%', 5),
	(507, 5, '6,8 МОм 0,25 Вт 5%', 5),
	(508, 5, '6,2 МОм 0,25 Вт 5%', 5),
	(509, 5, '5,6 МОм 0,25 Вт 5%', 5),
	(510, 5, '5,1 МОм 0,25 Вт 5%', 5),
	(511, 5, '8,2 МОм 0,25 Вт 5%', 5),
	(516, 5, '4,6 кОм 0,125 Вт 5%', 5),
	(519, 5, '1,2 Ом 0,25 Вт 5%', 5),
	(520, 5, '1,3 Ом 0,25 Вт 5%', 5),
	(521, 5, '1,5 Ом 0,25 Вт 5%', 5),
	(522, 5, '1,6 Ом 0,25 Вт 5%', 5),
	(523, 5, '1,8 Ом 0,25 Вт 5%', 5),
	(529, 5, '2,4 Ом 0,25 Вт 5%', 5),
	(537, 5, '11 Ом 0,25 Вт 5%', 5),
	(538, 5, '10 Ом 0,25 Вт 5%', 5),
	(539, 5, '9,1 Ом 0,25 Вт 5%', 5),
	(543, 5, '12 Ом 0,25 Вт 5%', 5),
	(562, 5, '75 Ом 0,25 Вт 5%', 5),
	(563, 5, '100 Ом 0,25 Вт 5%', 5),
	(565, 5, '110 Ом 0,25 Вт 5%', 5),
	(588, 5, '1,3 кОм 0,25 Вт 5%', 5),
	(589, 5, '1,2 кОм 0,25 Вт 5%', 5),
	(594, 5, '1,6 кОм 0,25 Вт 5%', 5),
	(595, 5, '1,5 кОм 0,25 Вт 5%', 5),
	(596, 5, '1,8 кОм 0,25 Вт 5%', 5),
	(613, 5, '10 кОм 0,25 Вт 5%', 5),
	(614, 5, '12 кОм 0,25 Вт 5%', 5),
	(615, 5, '11 кОм 0,25 Вт 5%', 5),
	(633, 5, '1,1 МОм 0,25 Вт 5%', 5),
	(638, 5, '100 кОм 0,25 Вт 5%', 5),
	(641, 5, '110 кОм 0,25 Вт 5%', 5),
	(663, 5, '1,3 МОм 0,25 Вт 5%', 5),
	(664, 5, '1,2 МОм 0,25 Вт 5%', 5),
	(665, 5, '1,6 МОм 0,25 Вт 5%', 5),
	(666, 5, '1,5 МОм 0,25 Вт 5%', 5),
	(667, 5, '1,8 МОм 0,25 Вт 5%', 5),
	(668, 5, '2,4 МОм 0,25 Вт 5%', 5),
	(678, 5, '7,5 МОм 0,25 Вт 5%', 5),
	(684, 5, '9,1 МОм 0,25 Вт 5%', 5),
	(689, 5, '0 Ом 0,125 Вт 5%', 1),
	(690, 5, '1 Ом 0,125 Вт 5%', 1),
	(691, 5, '1,2 Ом 0,125 Вт 5%', 1),
	(692, 5, '1,5 Ом 0,125 Вт 5%', 1),
	(693, 5, '2 Ом 0,125 Вт 5%', 1),
	(694, 5, '2,7 Ом 0,125 Вт 5%', 1),
	(695, 5, '3,3 Ом 0,125 Вт 5%', 1),
	(696, 5, '4,3 Ом 0,125 Вт 5%', 1),
	(697, 5, '5,1 Ом 0,125 Вт 5%', 1),
	(698, 5, '6,8 Ом 0,125 Вт 5%', 1),
	(699, 5, '8,2 Ом 0,125 Вт 5%', 1),
	(700, 5, '10 Ом 0,125 Вт 5%', 1),
	(701, 5, '12 Ом 0,125 Вт 5%', 1),
	(702, 5, '15 Ом 0,125 Вт 5%', 1),
	(703, 5, '20 Ом 0,125 Вт 5%', 1),
	(704, 5, '27 Ом 0,125 Вт 5%', 1),
	(705, 5, '33 Ом 0,125 Вт 5%', 1),
	(706, 5, '43 Ом 0,125 Вт 5%', 1),
	(707, 5, '51 Ом 0,125 Вт 5%', 1),
	(708, 5, '68 Ом 0,125 Вт 5%', 1),
	(709, 5, '82 Ом 0,125 Вт 5%', 1),
	(710, 5, '100 Ом 0,125 Вт 5%', 1),
	(711, 5, '120 Ом 0,125 Вт 5%', 1),
	(712, 5, '150 Ом 0,125 Вт 5%', 1),
	(713, 5, '200 Ом 0,125 Вт 5%', 1),
	(714, 5, '270 Ом 0,125 Вт 5%', 1),
	(715, 5, '330 Ом 0,125 Вт 5%', 1),
	(716, 5, '430 Ом 0,125 Вт 5%', 1),
	(717, 5, '510 Ом 0,125 Вт 5%', 1),
	(718, 5, '680 Ом 0,125 Вт 5%', 1),
	(719, 5, '820 Ом 0,125 Вт 5%', 1),
	(720, 5, '1 кОм 0,125 Вт 5%', 1),
	(721, 5, '1,2 кОм 0,125 Вт 5%', 1),
	(722, 5, '1,5 кОм 0,125 Вт 5%', 1),
	(723, 5, '2 кОм 0,125 Вт 5%', 1),
	(724, 5, '2,7 кОм 0,125 Вт 5%', 1),
	(725, 5, '3,3 кОм 0,125 Вт 5%', 1),
	(726, 5, '4,3 кОм 0,125 Вт 5%', 1),
	(727, 5, '5,1 кОм 0,125 Вт 5%', 1),
	(728, 5, '6,8 кОм 0,125 Вт 5%', 1),
	(729, 5, '8,2 кОм 0,125 Вт 5%', 1),
	(730, 5, '10 кОм 0,125 Вт 5%', 1),
	(731, 5, '12 кОм 0,125 Вт 5%', 1),
	(732, 5, '15 кОм 0,125 Вт 5%', 1),
	(733, 5, '20 кОм 0,125 Вт 5%', 1),
	(734, 5, '27 кОм 0,125 Вт 5%', 1),
	(735, 5, '33 кОм 0,125 Вт 5%', 1),
	(736, 5, '43 кОм 0,125 Вт 5%', 1),
	(737, 5, '51 кОм 0,125 Вт 5%', 1),
	(738, 5, '68 кОм 0,125 Вт 5%', 1),
	(739, 5, '82 кОм 0,125 Вт 5%', 1),
	(740, 5, '100 кОм 0,125 Вт 5%', 1),
	(741, 5, '120 кОм 0,125 Вт 5%', 1),
	(742, 5, '150 кОм 0,125 Вт 5%', 1),
	(743, 5, '200 кОм 0,125 Вт 5%', 1),
	(744, 5, '270 кОм 0,125 Вт 5%', 1),
	(745, 5, '330 кОм 0,125 Вт 5%', 1),
	(746, 5, '430 кОм 0,125 Вт 5%', 1),
	(747, 5, '510 кОм 0,125 Вт 5%', 1),
	(748, 5, '680 кОм 0,125 Вт 5%', 1),
	(749, 5, '820 кОм 0,125 Вт 5%', 1),
	(750, 5, '1 МОм 0,125 Вт 5%', 1),
	(751, 5, '2 МОм 0,125 Вт 5%', 1),
	(752, 5, '4,7 кОм 0,125 Вт 5%', 1),
	(753, 5, '390 Ом 0,125 Вт 5%', 1),
	(754, 5, '1 Ом 0,25 Вт 1%', 5),
	(755, 5, '2,2 Ом 0,25 Вт 1%', 5),
	(756, 5, '4,7 Ом 0,25 Вт 1%', 5),
	(757, 5, '5,6 Ом 0,25 Вт 1%', 5),
	(758, 5, '7,5 Ом 0,25 Вт 1%', 5),
	(759, 5, '8,2 Ом 0,25 Вт 1%', 5),
	(760, 5, '10 Ом 0,25 Вт 1%', 5),
	(761, 5, '15 Ом 0,25 Вт 1%', 5),
	(762, 5, '22 Ом 0,25 Вт 1%', 5),
	(763, 5, '27 Ом 0,25 Вт 1%', 5),
	(764, 5, '33 Ом 0,25 Вт 1%', 5),
	(765, 5, '39 Ом 0,25 Вт 1%', 5),
	(766, 5, '47 Ом 0,25 Вт 1%', 5),
	(767, 5, '56 Ом 0,25 Вт 1%', 5),
	(768, 5, '68 Ом 0,25 Вт 1%', 5),
	(769, 5, '75 Ом 0,25 Вт 1%', 5),
	(770, 5, '82 Ом 0,25 Вт 1%', 5),
	(771, 5, '100 Ом 0,25 Вт 1%', 5),
	(772, 5, '120 Ом 0,25 Вт 1%', 5),
	(773, 5, '150 Ом 0,25 Вт 1%', 5),
	(774, 5, '180 Ом 0,25 Вт 1%', 5),
	(775, 5, '270 Ом 0,25 Вт 1%', 5),
	(776, 5, '330 Ом 0,25 Вт 1%', 5),
	(777, 5, '390 Ом 0,25 Вт 1%', 5),
	(778, 5, '470 Ом 0,25 Вт 1%', 5),
	(779, 5, '510 Ом 0,25 Вт 1%', 5),
	(780, 5, '560 Ом 0,25 Вт 1%', 5),
	(781, 5, '680 Ом 0,25 Вт 1%', 5),
	(782, 5, '820 Ом 0,25 Вт 1%', 5),
	(783, 5, '1 кОм 0,25 Вт 1%', 5),
	(784, 5, '1,5 кОм 0,25 Вт 1%', 5),
	(785, 5, '2,2 кОм 0,25 Вт 1%', 5),
	(786, 5, '3 кОм 0,25 Вт 1%', 5),
	(787, 5, '3,9 кОм 0,25 Вт 1%', 5),
	(788, 5, '4,7 кОм 0,25 Вт 1%', 5),
	(789, 5, '5,6 кОм 0,25 Вт 1%', 5),
	(790, 5, '6,8 кОм 0,25 Вт 1%', 5),
	(791, 5, '7,5 кОм 0,25 Вт 1%', 5),
	(792, 5, '8,2 кОм 0,25 Вт 1%', 5),
	(793, 5, '10 кОм 0,25 Вт 1%', 5),
	(794, 5, '15 кОм 0,25 Вт 1%', 5),
	(795, 5, '22 кОм 0,25 Вт 1%', 5),
	(796, 5, '33 кОм 0,25 Вт 1%', 5),
	(797, 5, '39 кОм 0,25 Вт 1%', 5),
	(798, 5, '47 кОм 0,25 Вт 1%', 5),
	(799, 5, '56 кОм 0,25 Вт 1%', 5),
	(800, 5, '68 кОм 0,25 Вт 1%', 5),
	(801, 5, '75 кОм 0,25 Вт 1%', 5),
	(802, 5, '82 кОм 0,25 Вт 1%', 5),
	(803, 5, '1 МОм 0,25 Вт 1%', 5),
	(804, 5, '1,5 МОм 0,25 Вт 1%', 5),
	(805, 5, '2 МОм 0,25 Вт 1%', 5),
	(806, 5, '10 МОм 0,25 Вт 1%', 5),
	(807, 5, '39 МОм 0,25 Вт 1%', 5),
	(808, 5, '4,7 МОм 0,25 Вт 1%', 5),
	(809, 5, '5,6 МОм 0,25 Вт 1%', 5),
	(810, 5, '330 Ом 2 Вт', 5),
	(811, 5, '0,1 Ом 5 Вт', 5),
	(812, 5, '1 Ом 5 Вт', 5),
	(813, 5, '2 Ом 5 Вт', 5),
	(814, 5, '36 Ом МЛТ-2', 5),
	(815, 8, '50 кОм Переменный', 5),
	(816, 8, '5 кОм Переменный', 5),
	(817, 8, '33 кОм Переменный', 5),
	(818, 8, '10 кОм Переменный', 5),
	(819, 8, '4,7 кОм Переменный', 5),
	(820, 9, '500 кОм 3296W', 5),
	(821, 9, '50 Ом 3296W', 5),
	(822, 9, '2,2 кОм 3296W', 5),
	(823, 9, '100 кОм 3296W', 5),
	(824, 9, '47 кОм 3296W', 5),
	(825, 9, '4,7 кОм 3296W', 5),
	(826, 9, '220 кОм 3296W', 5),
	(827, 9, '1 кОм 3296W', 5),
	(828, 9, '3,3 кОм 3296W', 5),
	(829, 9, '22 кОм 3296W', 5),
	(830, 9, '33 кОм 3296W', 5),
	(831, 9, '5 кОм 3296W', 5),
	(832, 9, '10 кОм 3296W', 5),
	(833, 9, '470 Ом 3296W', 5),
	(834, 9, '100 Ом 3296W', 5),
	(835, 6, '100 нф 250 В керамический', 5),
	(836, 6, '2,2 мкФ 50 В керамический', 5),
	(837, 6, '4,7 мкФ 50 В керамический', 5),
	(838, 6, '1,5 мкФ 50 В керамический', 5),
	(839, 6, '3,3 пФ 50 В керамический', 5),
	(840, 6, '1 пФ 50 В керамический', 5),
	(841, 6, '5,1 пФ 50 В керамический', 5),
	(842, 6, '6,8 пФ 50 В керамический', 5),
	(843, 6, '7,5 пФ 50 В керамический', 5),
	(844, 6, '8,2 пФ 50 В керамический', 5),
	(845, 6, '10 пФ 50 В керамический', 5),
	(846, 6, '12 пФ 50 В керамический', 5),
	(847, 6, '15 пФ 50 В керамический', 5),
	(848, 6, '18 пФ 50 В керамический', 5),
	(849, 6, '20 пФ 50 В керамический', 5),
	(850, 6, '22 пФ 50 В керамический', 5),
	(851, 6, '24 пФ 50 В керамический', 5),
	(852, 6, '27 пФ 50 В керамический', 5),
	(853, 6, '33 пФ 50 В керамический', 5),
	(854, 6, '36 пФ 50 В керамический', 5),
	(855, 6, '43 пФ 50 В керамический', 5),
	(856, 6, '47 пФ 50 В керамический', 5),
	(857, 6, '51 пФ 50 В керамический', 5),
	(858, 6, '62 пФ 50 В керамический', 5),
	(859, 6, '68 пФ 50 В керамический', 5),
	(860, 6, '75 пФ 50 В керамический', 5),
	(861, 6, '82 пФ 50 В керамический', 5),
	(862, 6, '91 пФ 50 В керамический', 5),
	(863, 6, '150 пФ 50 В керамический', 5),
	(864, 6, '180 пФ 50 В керамический', 5),
	(865, 6, '100 пФ 50 В керамический', 5),
	(866, 6, '200 пФ 50 В керамический', 5),
	(867, 6, '300 пФ 50 В керамический', 5),
	(868, 6, '240 пФ 50 В керамический', 5),
	(869, 6, '330 пФ 50 В керамический', 5),
	(870, 6, '1,8 нФ 50 В керамический', 5),
	(871, 6, '2 нФ 50 В керамический', 5),
	(872, 6, '2,2 нФ 50 В керамический', 5),
	(873, 6, '2,7 нФ 50 В керамический', 5),
	(874, 6, '1,2 нФ 50 В керамический', 5),
	(875, 6, '1,3 нФ 50 В керамический', 5),
	(876, 6, '1,5 нФ 50 В керамический', 5),
	(877, 6, '360 пФ 50 В керамический', 5),
	(878, 6, '1 нФ 50 В керамический', 5),
	(881, 6, '9,1 нФ 50 В керамический', 5),
	(882, 6, '8,2 нФ 50 В керамический', 5),
	(883, 6, '7,5 нФ 50 В керамический', 5),
	(884, 6, '6,8 нФ 50 В керамический', 5),
	(885, 6, '4,7 нФ 50 В керамический', 5),
	(886, 6, '3,3 нФ 50 В керамический', 5),
	(887, 6, '3 нФ 50 В керамический', 5),
	(888, 6, '15 нФ 50 В керамический', 5),
	(889, 6, '10 нФ 50 В керамический', 5),
	(891, 6, '220 нф 50 В керамический', 5),
	(892, 6, '100 нф 50 В керамический', 5),
	(894, 6, '47 нф 50 В керамический', 5),
	(895, 6, '22 нф 50 В керамический', 5),
	(897, 6, '33 нф 50 В керамический', 5),
	(908, 6, '1000 пф 50 В керамический', 2),
	(909, 6, '100 пф 50 В керамический', 1),
	(911, 6, '15 пФ 50 В керамический', 1),
	(912, 6, '22 пФ 50 В керамический', 1),
	(913, 6, '27 пф 50 В керамический', 1),
	(914, 6, '33 пФ 50 В керамический', 1),
	(915, 6, '47 пФ 50 В керамический', 1),
	(916, 6, '68 пФ 50 В керамический', 1),
	(917, 6, '82 пФ 50 В керамический', 1),
	(919, 6, '120 пФ 50 В керамический', 1),
	(920, 6, '150 пФ 50 В керамический', 1),
	(921, 6, '180 пФ 50 В керамический', 1),
	(922, 6, '220 пФ 50 В керамический', 1),
	(923, 6, '1 нФ 50 В керамический', 1),
	(924, 6, '10 нФ 50 В керамический', 1),
	(925, 6, '100 нф 50 В керамический', 1),
	(926, 6, '470 нФ 50 В керамический', 1),
	(927, 6, '1 мкФ 50 В керамический', 1),
	(928, 7, '100 мкФ 63 В', 5),
	(929, 7, '100 мкФ 16 В', 3),
	(930, 7, '47 мкФ 16 В', 5),
	(931, 7, '4,7 мкФ 100 В', 5),
	(932, 7, '4700 мкФ 25 В', 5),
	(933, 7, '100 мкФ 25 В', 4),
	(934, 7, '10 мкФ 25 В', 5),
	(935, 7, '1 мкФ 160 В', 5),
	(936, 7, '470 мкФ 16 В', 5),
	(937, 7, '22 мкФ 63 В', 5),
	(938, 7, '1 мкФ 50 В', 5),
	(939, 7, '10 мкФ 35 В', 5),
	(940, 7, '100 мкФ 16 В', 5),
	(941, 7, '47 мкФ 63 В', 5),
	(942, 7, '10 мкФ 50 В', 3),
	(943, 7, '220 мкФ 35 В', 5),
	(944, 7, '1000 мкФ 35 В', 5),
	(945, 7, '470 мкФ 63 В', 5),
	(946, 7, '2,2 мкФ 250 В', 5),
	(947, 7, '10 мкФ 100 В', 5),
	(948, 7, '2200 мкФ 35 В', 5),
	(949, 7, '1000 мкФ 63 В', 5),
	(950, 7, '2200 мкФ 25 В', 5),
	(951, 7, '4700 мкФ 50 В', 5),
	(952, 29, '1N4148', 1),
	(954, 12, 'BC557B', 1),
	(955, 35, 'Attiny2313', 1),
	(956, 6, '100 нф 250 В керамический', 1),
	(958, 12, 'BC547B', 7),
	(959, 35, 'Attiny2313', 15),
	(960, 5, '1 Ом 0,25 Вт 5%', 1),
	(961, 5, '1,1 Ом 0,25 Вт 5%', 1),
	(962, 5, '1,2 Ом 0,25 Вт 5%', 1),
	(963, 5, '1,3 Ом 0,25 Вт 5%', 1),
	(964, 5, '1,5 Ом 0,25 Вт 5%', 1),
	(965, 5, '1,6 Ом 0,25 Вт 5%', 1),
	(966, 5, '1,8 Ом 0,25 Вт 5%', 1),
	(967, 5, '2 Ом 0,25 Вт 5%', 1),
	(968, 5, '82 Ом 0,25 Вт 5%', 1),
	(969, 5, '91 Ом 0,25 Вт 5%', 1),
	(970, 5, '110 Ом 0,25 Вт 5%', 1),
	(971, 5, '120 Ом 0,25 Вт 5%', 1),
	(972, 5, '3,9 кОм 0,25 Вт 5%', 1),
	(973, 5, '4,3 кОм 0,25 Вт 5%', 1),
	(974, 5, '4,6 кОм 0,25 Вт 5%', 1),
	(975, 5, '4,6 кОм 0,125 Вт 5%', 1),
	(976, 5, '5,1 кОм 0,25 Вт 5%', 1),
	(977, 5, '160 кОм 0,25 Вт 5%', 1),
	(978, 5, '180 кОм 0,25 Вт 5%', 1),
	(980, 5, '200 кОм 0,25 Вт 5%', 1),
	(981, 5, '220 кОм 0,25 Вт 5%', 1),
	(982, 5, '240 кОм 0,25 Вт 5%', 1),
	(983, 6, '1,5 мкФ 50 В керамический', 1),
	(984, 6, '2,2 мкФ 50 В керамический', 1),
	(985, 6, '4,7 мкФ 50 В керамический', 1),
	(986, 5, '8,2 МОм 0,25 Вт 5%', 1),
	(987, 5, '9,1 МОм 0,25 Вт 5%', 1),
	(988, 89, 'EC12E24204A8', 1),
	(989, 5, '2,2 Ом 0,25 Вт 5%', 1),
	(990, 5, '2,4 Ом 0,25 Вт 5%', 1),
	(991, 5, '2,7 Ом 0,25 Вт 5%', 1),
	(992, 5, '3 Ом 0,25 Вт 5%', 1),
	(993, 5, '3,3 Ом 0,25 Вт 5%', 1),
	(994, 5, '3,6 Ом 0,25 Вт 5%', 1),
	(995, 5, '130 Ом 0,25 Вт 5%', 1),
	(996, 5, '150 Ом 0,25 Вт 5%', 1),
	(997, 5, '160 Ом 0,25 Вт 5%', 1),
	(998, 5, '180 Ом 0,25 Вт 5%', 1),
	(999, 5, '200 Ом 0,25 Вт 5%', 1),
	(1000, 5, '5,6 кОм 0,25 Вт 5%', 1),
	(1001, 5, '6,2 кОм 0,25 Вт 5%', 1),
	(1002, 5, '6,8 кОм 0,25 Вт 5%', 1),
	(1003, 5, '7,5 кОм 0,25 Вт 5%', 1),
	(1004, 5, '8,2 кОм 0,25 Вт 5%', 1),
	(1005, 5, '9,1 кОм 0,25 Вт 5%', 1),
	(1006, 5, '270 кОм 0,25 Вт 5%', 1),
	(1007, 5, '300 кОм 0,25 Вт 5%', 1),
	(1008, 5, '330 кОм 0,25 Вт 5%', 1),
	(1009, 5, '390 кОм 0,25 Вт 5%', 1),
	(1010, 5, '360 кОм 0,25 Вт 5%', 1),
	(1011, 6, '1 пФ 50 В керамический', 1),
	(1012, 6, '3,3 пФ 50 В керамический', 1),
	(1013, 6, '5,1 пФ 50 В керамический', 1),
	(1014, 6, '6,8 пФ 50 В керамический', 1),
	(1015, 6, '7,5 пФ 50 В керамический', 1),
	(1016, 6, '8,2 пФ 50 В керамический', 1),
	(1017, 6, '10 пФ 50 В керамический', 1),
	(1018, 6, '12 пФ 50 В керамический', 1),
	(1019, 6, '18 пФ 50 В керамический', 1),
	(1020, 6, '20 пФ 50 В керамический', 1),
	(1021, 6, '24 пФ 50 В керамический', 1),
	(1022, 90, '32,768 кГц KX-38', 1),
	(1023, 90, '16 Мгц', 1),
	(1024, 90, '8 Мгц', 1),
	(1025, 90, '12 Мгц', 1),
	(1026, 90, '16,384 Мгц', 1),
	(1027, 90, '4 Мгц', 1),
	(1028, 90, '12 Мгц короткий', 1),
	(1029, 90, '16 Мгц короткий', 1),
	(1030, 90, '20 Мгц короткий', 1),
	(1031, 90, '10 Мгц короткий', 1),
	(1032, 5, '3,9 Ом 0,25 Вт 5%', 1),
	(1033, 5, '4,3 Ом 0,25 Вт 5%', 1),
	(1034, 5, '4,7 Ом 0,25 Вт 5%', 1),
	(1035, 5, '5,1 Ом 0,25 Вт 5%', 1),
	(1036, 5, '5,6 Ом 0,25 Вт 5%', 1),
	(1037, 5, '6,2 Ом 0,25 Вт 5%', 1),
	(1038, 5, '220 Ом 0,25 Вт 5%', 1),
	(1039, 5, '240 Ом 0,25 Вт 5%', 1),
	(1040, 5, '270 Ом 0,25 Вт 5%', 1),
	(1041, 5, '300 Ом 0,25 Вт 5%', 1),
	(1042, 5, '330 Ом 0,25 Вт 5%', 1),
	(1043, 5, '10 кОм 0,25 Вт 5%', 1),
	(1044, 5, '11 кОм 0,25 Вт 5%', 1),
	(1045, 5, '12 кОм 0,25 Вт 5%', 1),
	(1046, 5, '13 кОм 0,25 Вт 5%', 1),
	(1047, 5, '15 кОм 0,25 Вт 5%', 1),
	(1048, 5, '430 кОм 0,25 Вт 5%', 1),
	(1049, 5, '470 кОм 0,25 Вт 5%', 1),
	(1050, 5, '510 кОм 0,25 Вт 5%', 1),
	(1051, 5, '560 кОм 0,25 Вт 5%', 1),
	(1052, 5, '620 кОм 0,25 Вт 5%', 1),
	(1053, 6, '36 пФ 50 В керамический', 1),
	(1054, 6, '43 пФ 50 В керамический', 1),
	(1055, 6, '51 пФ 50 В керамический', 1),
	(1056, 6, '62 пФ 50 В керамический', 1),
	(1057, 6, '75 пФ 50 В керамический', 1),
	(1058, 6, '91 пФ 50 В керамический', 1),
	(1059, 6, '200 пФ 50 В керамический', 1),
	(1060, 30, 'BZT52C3V6', 16),
	(1061, 5, '6,8 Ом 0,25 Вт 5%', 1),
	(1062, 5, '7,5 Ом 0,25 Вт 5%', 1),
	(1063, 5, '8,2 Ом 0,25 Вт 5%', 1),
	(1064, 5, '9,1 Ом 0,25 Вт 5%', 1),
	(1065, 5, '10 Ом 0,25 Вт 5%', 1),
	(1066, 5, '11 Ом 0,25 Вт 5%', 1),
	(1067, 5, '360 Ом 0,25 Вт 5%', 1),
	(1068, 5, '390 Ом 0,25 Вт 5%', 1),
	(1069, 5, '430 Ом 0,25 Вт 5%', 1),
	(1070, 5, '470 Ом 0,25 Вт 5%', 1),
	(1071, 5, '510 Ом 0,25 Вт 5%', 1),
	(1072, 5, '16 кОм 0,25 Вт 5%', 1),
	(1073, 5, '18 кОм 0,25 Вт 5%', 1),
	(1074, 5, '20 кОм 0,25 Вт 5%', 1),
	(1075, 5, '22 кОм 0,25 Вт 5%', 1),
	(1076, 5, '24 кОм 0,25 Вт 5%', 1),
	(1077, 5, '680 кОм 0,25 Вт 5%', 1),
	(1078, 5, '750 кОм 0,25 Вт 5%', 1),
	(1079, 5, '820 кОм 0,25 Вт 5%', 1),
	(1080, 5, '910 кОм 0,25 Вт 5%', 1),
	(1081, 5, '1 МОм 0,25 Вт 5%', 1),
	(1082, 6, '240 пФ 50 В керамический', 1),
	(1083, 6, '300 пФ 50 В керамический', 1),
	(1084, 6, '330 пФ 50 В керамический', 1),
	(1085, 6, '360 пФ 50 В керамический', 1),
	(1086, 6, '1,2 нФ 50 В керамический', 1),
	(1087, 6, '1,3 нФ 50 В керамический', 1),
	(1088, 6, '1,5 нФ 50 В керамический', 1),
	(1089, 6, '1,8 нФ 50 В керамический', 1),
	(1090, 6, '2 нФ 50 В керамический', 1),
	(1091, 6, '2,2 нФ 50 В керамический', 1),
	(1092, 6, '2,7 нФ 50 В керамический', 1),
	(1093, 91, '2N7002', 17),
	(1094, 5, '12 Ом 0,25 Вт 5%', 1),
	(1095, 5, '13 Ом 0,25 Вт 5%', 1),
	(1096, 5, '16 Ом 0,25 Вт 5%', 1),
	(1097, 5, '18 Ом 0,25 Вт 5%', 1),
	(1098, 5, '560 Ом 0,25 Вт 5%', 1),
	(1099, 5, '620 Ом 0,25 Вт 5%', 1),
	(1100, 5, '680 Ом 0,25 Вт 5%', 1),
	(1101, 5, '750 Ом 0,25 Вт 5%', 1),
	(1102, 5, '820 Ом 0,25 Вт 5%', 1),
	(1103, 5, '27 кОм 0,25 Вт 5%', 1),
	(1104, 5, '30 кОм 0,25 Вт 5%', 1),
	(1105, 5, '33 кОм 0,25 Вт 5%', 1),
	(1106, 5, '36 кОм 0,25 Вт 5%', 1),
	(1107, 5, '39 кОм 0,25 Вт 5%', 1),
	(1108, 5, '1,2 МОм 0,25 Вт 5%', 1),
	(1109, 5, '1,3 МОм 0,25 Вт 5%', 1),
	(1110, 5, '1,6 МОм 0,25 Вт 5%', 1),
	(1111, 5, '1,8 МОм 0,25 Вт 5%', 1),
	(1112, 5, '1,5 МОм 0,25 Вт 5%', 1),
	(1113, 6, '3,3 нФ 50 В керамический', 1),
	(1114, 6, '4,7 нФ 50 В керамический', 1),
	(1115, 6, '6,8 нФ 50 В керамический', 1),
	(1116, 6, '7,5 нФ 50 В керамический', 1),
	(1117, 6, '8,2 нФ 50 В керамический', 1),
	(1118, 6, '9,1 нФ 50 В керамический', 1),
	(1119, 6, '15 нФ 50 В керамический', 1),
	(1120, 5, '20 Ом 0,25 Вт 5%', 1),
	(1121, 5, '22 Ом 0,25 Вт 5%', 1),
	(1122, 5, '24 Ом 0,25 Вт 5%', 1),
	(1123, 5, '27 Ом 0,25 Вт 5%', 1),
	(1124, 5, '30 Ом 0,25 Вт 5%', 1),
	(1125, 5, '910 Ом 0,25 Вт 5%', 1),
	(1126, 5, '1 кОм 0,25 Вт 5%', 1),
	(1127, 5, '1,1 кОм 0,25 Вт 5%', 1),
	(1128, 5, '1,2 кОм 0,25 Вт 5%', 1),
	(1129, 5, '1,3 кОм 0,25 Вт 5%', 1),
	(1130, 5, '43 кОм 0,25 Вт 5%', 1),
	(1131, 5, '51 кОм 0,25 Вт 5%', 1),
	(1132, 5, '56 кОм 0,25 Вт 5%', 1),
	(1133, 5, '62 кОм 0,25 Вт 5%', 1),
	(1134, 5, '2 МОм 0,25 Вт 5%', 1),
	(1135, 5, '2,2 МОм 0,25 Вт 5%', 1),
	(1136, 5, '2,4 МОм 0,25 Вт 5%', 1),
	(1137, 5, '2,7 МОм 0,25 Вт 5%', 1),
	(1138, 5, '3 МОм 0,25 Вт 5%', 1),
	(1139, 6, '22 нф 50 В керамический', 1),
	(1140, 6, '33 нф 50 В керамический', 1),
	(1141, 6, '47 нф 50 В керамический', 1),
	(1142, 6, '68 нФ 50 В керамический', 1),
	(1143, 6, '220 нф 50 В керамический', 1),
	(1144, 6, '330 нФ 50 В керамический', 1),
	(1145, 5, '33 Ом 0,25 Вт 5%', 1),
	(1146, 5, '36 Ом 0,25 Вт 5%', 1),
	(1147, 5, '39 Ом 0,25 Вт 5%', 1),
	(1148, 5, '43 Ом 0,25 Вт 5%', 1),
	(1149, 5, '47 Ом 0,25 Вт 5%', 1),
	(1150, 5, '1,5 кОм 0,25 Вт 5%', 1),
	(1151, 5, '1,6 кОм 0,25 Вт 5%', 1),
	(1152, 5, '1,8 кОм 0,25 Вт 5%', 1),
	(1153, 5, '2 кОм 0,25 Вт 5%', 1),
	(1154, 5, '2,2 кОм 0,25 Вт 5%', 1),
	(1155, 5, '75 кОм 0,25 Вт 5%', 1),
	(1156, 5, '82 кОм 0,25 Вт 5%', 1),
	(1157, 5, '68 кОм 0,25 Вт 5%', 1),
	(1158, 5, '91 кОм 0,25 Вт 5%', 1),
	(1159, 5, '1,1 МОм 0,25 Вт 5%', 1),
	(1160, 5, '3,3 МОм 0,25 Вт 5%', 1),
	(1161, 5, '3,6 МОм 0,25 Вт 5%', 1),
	(1162, 5, '3,9 МОм 0,25 Вт 5%', 1),
	(1163, 5, '4,3 МОм 0,25 Вт 5%', 1),
	(1164, 5, '4,7 МОм 0,25 Вт 5%', 1),
	(1165, 6, '10 нФ 50 В', 2),
	(1166, 6, '100 нФ 50 В', 2),
	(1167, 6, '22 пФ 50 В', 2),
	(1168, 6, '330 пФ 50 В', 2),
	(1169, 6, '470 нф 50 В', 2),
	(1170, 6, '220 нф 50 В', 2),
	(1171, 6, '100 пф 50 В', 2),
	(1172, 6, '1 нф 50 В', 2),
	(1173, 5, '51 Ом 0,25 Вт 5%', 1),
	(1174, 5, '56 Ом 0,25 Вт 5%', 1),
	(1175, 5, '62 Ом 0,25 Вт 5%', 1),
	(1176, 5, '68 Ом 0,25 Вт 5%', 1),
	(1177, 5, '75 Ом 0,25 Вт 5%', 1),
	(1178, 5, '2,4 кОм 0,25 Вт 5%', 1),
	(1179, 5, '2,7 кОм 0,25 Вт 5%', 1),
	(1180, 5, '3 кОм 0,25 Вт 5%', 1),
	(1181, 5, '3,3 кОм 0,25 Вт 5%', 1),
	(1182, 5, '3,6 кОм 0,25 Вт 5%', 1),
	(1183, 5, '100 кОм 0,25 Вт 5%', 1),
	(1184, 5, '110 кОм 0,25 Вт 5%', 1),
	(1185, 5, '120 кОм 0,25 Вт 5%', 1),
	(1186, 5, '130 кОм 0,25 Вт 5%', 1),
	(1187, 5, '150 кОм 0,25 Вт 5%', 1),
	(1188, 5, '5,1 МОм 0,25 Вт 5%', 1),
	(1189, 5, '5,6 МОм 0,25 Вт 5%', 1),
	(1190, 5, '6,2 МОм 0,25 Вт 5%', 1),
	(1191, 5, '6,8 МОм 0,25 Вт 5%', 1),
	(1192, 5, '7,5 МОм 0,25 Вт 5%', 1),
	(1193, 25, 'ММТ-1 15 кОм', 1),
	(1194, 5, '2,7 кОм МЛТ-1', 1),
	(1195, 5, '1,6 кОм МЛТ-1', 1),
	(1196, 6, '22 нф 100 В пленочный 2E223K', 1),
	(1197, 29, '10A10', 1),
	(1198, 30, '1N4749A', 18),
	(1199, 29, '1N4007', 1),
	(1200, 31, 'BR610', 1),
	(1201, 30, '1N4744A', 18),
	(1202, 29, '1N4148', 19),
	(1203, 92, 'SPT522', 1),
	(1204, 30, '1N4729A', 18),
	(1205, 31, 'KBPC3501', 1),
	(1206, 93, 'NE555D', 20),
	(1207, 91, 'IRF540N', 6),
	(1208, 21, '2N5401', 7),
	(1209, 91, 'IRFZ34N', 6),
	(1210, 21, 'BC856B', 17),
	(1211, 30, 'BZX55-C6V2', 19),
	(1212, 12, '2N2222A', 7),
	(1213, 12, '2N5551', 7),
	(1214, 12, 'BC846B', 17),
	(1215, 12, 'КТ315Д', 1),
	(1216, 12, 'КТ315А', 1),
	(1217, 21, 'BC857C', 17),
	(1218, 30, 'BZX55-C3V9', 19),
	(1219, 30, 'BZX55-C100V', 19),
	(1220, 30, 'BZX55-C51V', 19),
	(1221, 30, 'BZX55-C6V8', 19),
	(1222, 30, 'BZX55-C7V5', 19),
	(1223, 30, 'BZX55-C8V2', 19),
	(1224, 30, 'BZX55-C9V1', 19),
	(1225, 30, 'BZX55-C4V3', 19),
	(1226, 30, 'BZX55-C11V', 19),
	(1227, 30, 'BZX55-C12V', 19),
	(1228, 30, 'BZX55-C18V', 19),
	(1229, 30, 'BZX55-C16V', 19),
	(1230, 30, 'BZX55-C15V', 19),
	(1231, 30, 'BZX55-C47V', 19),
	(1232, 30, 'BZX55-C5V1', 19),
	(1233, 30, 'BZX55-C2V0', 19),
	(1234, 30, 'BZX55-C2V4', 19),
	(1235, 30, 'BZX55-C33V', 19),
	(1236, 30, 'BZX55-C3V6', 19),
	(1237, 30, 'BZX55-C24V', 19),
	(1238, 95, 'TQFP (32-64Pin/32-100Pin)', 1),
	(1239, 97, 'DS18B20', 7),
	(1240, 97, 'DHT11', 1),
	(1241, 34, 'STM8S105C6T6', 1),
	(1242, 35, 'Attiny13A-SU', 20),
	(1243, 33, 'STM32F100C4T6B', 1),
	(1244, 33, 'STM32F103RET6', 1),
	(1245, 33, 'STM32F103C4T6A', 1),
	(1246, 99, 'LM317T', 6),
	(1247, 35, 'AtMega8515-16PU', 21),
	(1248, 35, 'AtMega32A-PU', 21),
	(1249, 100, 'TL494IN', 14),
	(1250, 28, 'TL072CD', 22),
	(1251, 101, '74HC4053E', 14),
	(1252, 102, 'MCP41010-I/SN', 20),
	(1253, 103, 'MCP4921-E/SN', 20),
	(1254, 104, 'TL431C', 1),
	(1255, 105, 'AD620AN', 8),
	(1256, 106, 'ICL7660S', 8),
	(1257, 107, 'FT232BL', 23),
	(1258, 107, 'FT232RL', 24),
	(1259, 35, 'Attiny2313A-SU', 25),
	(1260, 35, 'AtMega8A-PU', 26),
	(1261, 35, 'Attiny2313V-10PU', 15),
	(1262, 35, 'Attiny2313-20PU', 15),
	(1263, 108, 'BTS555', 27),
	(1264, 28, 'TL072CN', 8),
	(1265, 101, '74HC4053D', 28),
	(1266, 98, 'L79L05ABU', 29),
	(1267, 98, 'LM1117MPX-3,3', 30),
	(1268, 109, 'AD9833BRM', 31),
	(1269, 93, 'VS1307N', 8),
	(1270, 28, 'LM358D', 22),
	(1271, 36, '74HC244D', 25),
	(1272, 93, 'M41T81M6E', 20),
	(1273, 110, 'L297B', 15),
	(1274, 111, 'L293D', 14),
	(1275, 112, '24C256', 8),
	(1276, 98, 'L7815', 6),
	(1277, 98, 'L7805', 6),
	(1278, 98, 'L7809', 6),
	(1279, 5, '0 Ом 0,125 Вт 5%', 5),
	(1280, 5, '1 Ом 0,125 Вт 5%', 5),
	(1281, 5, '1,2 Ом 0,125 Вт 5%', 5),
	(1282, 5, '1,5 Ом 0,125 Вт 5%', 5),
	(1283, 5, '2 Ом 0,125 Вт 5%', 5),
	(1284, 5, '2,7 Ом 0,125 Вт 5%', 5),
	(1285, 5, '3,3 Ом 0,125 Вт 5%', 5),
	(1286, 5, '4,3 Ом 0,125 Вт 5%', 5),
	(1287, 5, '5,1 Ом 0,125 Вт 5%', 5),
	(1288, 5, '6,8 Ом 0,125 Вт 5%', 5),
	(1289, 5, '8,2 Ом 0,125 Вт 5%', 5),
	(1290, 5, '10 Ом 0,125 Вт 5%', 5),
	(1291, 5, '12 Ом 0,125 Вт 5%', 5),
	(1292, 5, '15 Ом 0,125 Вт 5%', 5),
	(1293, 5, '20 Ом 0,125 Вт 5%', 5),
	(1294, 5, '27 Ом 0,125 Вт 5%', 5),
	(1295, 5, '33 Ом 0,125 Вт 5%', 5),
	(1296, 5, '43 Ом 0,125 Вт 5%', 5),
	(1297, 5, '51 Ом 0,125 Вт 5%', 5),
	(1298, 5, '68 Ом 0,125 Вт 5%', 5),
	(1299, 5, '82 Ом 0,125 Вт 5%', 5),
	(1300, 5, '100 Ом 0,125 Вт 5%', 5),
	(1301, 5, '120 Ом 0,125 Вт 5%', 5),
	(1302, 5, '150 Ом 0,125 Вт 5%', 5),
	(1303, 5, '200 Ом 0,125 Вт 5%', 5),
	(1304, 5, '270 Ом 0,125 Вт 5%', 5),
	(1305, 5, '330 Ом 0,125 Вт 5%', 5),
	(1306, 5, '430 Ом 0,125 Вт 5%', 5),
	(1307, 5, '510 Ом 0,125 Вт 5%', 5),
	(1308, 5, '680 Ом 0,125 Вт 5%', 5),
	(1309, 5, '820 Ом 0,125 Вт 5%', 5),
	(1310, 5, '1 кОм 0,125 Вт 5%', 5),
	(1311, 5, '1,2 кОм 0,125 Вт 5%', 5),
	(1312, 5, '1,5 кОм 0,125 Вт 5%', 5),
	(1313, 5, '2 кОм 0,125 Вт 5%', 5),
	(1314, 5, '2,7 кОм 0,125 Вт 5%', 5),
	(1315, 5, '3,3 кОм 0,125 Вт 5%', 5),
	(1316, 5, '4,3 кОм 0,125 Вт 5%', 5),
	(1317, 5, '5,1 кОм 0,125 Вт 5%', 5),
	(1318, 5, '6,8 кОм 0,125 Вт 5%', 5),
	(1319, 5, '8,2 кОм 0,125 Вт 5%', 5),
	(1320, 5, '10 кОм 0,125 Вт 5%', 5),
	(1321, 5, '12 кОм 0,125 Вт 5%', 5),
	(1322, 5, '15 кОм 0,125 Вт 5%', 5),
	(1323, 5, '20 кОм 0,125 Вт 5%', 5),
	(1324, 5, '27 кОм 0,125 Вт 5%', 5),
	(1325, 5, '33 кОм 0,125 Вт 5%', 5),
	(1326, 5, '43 кОм 0,125 Вт 5%', 5),
	(1327, 5, '51 кОм 0,125 Вт 5%', 5),
	(1328, 5, '68 кОм 0,125 Вт 5%', 5),
	(1329, 5, '82 кОм 0,125 Вт 5%', 5),
	(1330, 5, '100 кОм 0,125 Вт 5%', 5),
	(1331, 5, '120 кОм 0,125 Вт 5%', 5),
	(1332, 5, '150 кОм 0,125 Вт 5%', 5),
	(1333, 5, '200 кОм 0,125 Вт 5%', 5),
	(1334, 5, '270 кОм 0,125 Вт 5%', 5),
	(1335, 5, '330 кОм 0,125 Вт 5%', 5),
	(1336, 5, '430 кОм 0,125 Вт 5%', 5),
	(1337, 5, '510 кОм 0,125 Вт 5%', 5),
	(1338, 5, '680 кОм 0,125 Вт 5%', 5),
	(1339, 5, '820 кОм 0,125 Вт 5%', 5),
	(1340, 5, '1 МОм 0,125 Вт 5%', 5),
	(1341, 5, '2 МОм 0,125 Вт 5%', 5),
	(1342, 6, '15 пф 50 В', 5),
	(1343, 6, '22 пф 50 В', 5),
	(1344, 6, '27 пф 50 В', 5),
	(1345, 6, '33 пф 50 В', 5),
	(1346, 6, '47 пф 50 В', 5),
	(1347, 6, '68 пф 50 В', 5),
	(1348, 6, '82 пф 50 В', 5),
	(1349, 6, '100 пф 50 В', 5),
	(1350, 6, '120 пф 50 В', 5),
	(1351, 6, '150 пф 50 В', 5),
	(1352, 6, '180 пф 50 В', 5),
	(1353, 6, '220 пф 50 В', 5),
	(1354, 6, '1 нф 50 В', 5),
	(1355, 6, '10 нф 50 В', 5),
	(1356, 6, '100 нф 50 В', 5),
	(1357, 6, '100 нф 25 В', 5),
	(1358, 6, '470 нф 50 В', 5),
	(1359, 6, '1 мкф 10 В', 5),
	(1360, 114, 'Подложки диэлектрические TO-220', 6),
	(1361, 114, 'Втулки диэлектрические TO-220', 1),
	(1362, 12, '2N3904', 7),
	(1363, 12, '2N3906', 7),
	(1364, 12, 'A1015', 7),
	(1365, 12, 'C1815', 7),
	(1366, 12, 'C945', 7),
	(1367, 12, 'S8050', 7),
	(1368, 12, 'S8550', 7),
	(1369, 12, 'S9012', 7),
	(1370, 12, 'S9013', 7),
	(1371, 12, 'S9014', 7),
	(1372, 12, 'S9015', 7),
	(1373, 12, 'BC327', 7),
	(1374, 12, 'BC337', 7),
	(1375, 12, 'BC517', 7),
	(1376, 12, 'BC548', 7),
	(1377, 12, 'BC549', 7),
	(1378, 12, 'BC550', 7),
	(1379, 12, 'BC556', 7),
	(1380, 12, 'BC557B', 7),
	(1381, 12, 'BC558B', 7),
	(1382, 104, 'LM431', 7),
	(1383, 99, 'LM338T', 6),
	(1384, 94, 'STM32F103C8T6 board', 1),
	(1385, 94, 'CY7C68013A MINI BOARD', 1),
	(1386, 115, 'Черные резиовые ножки 13 мм * 7 мм', 1),
	(1387, 119, 'Крышка черная для тактовых кнопок 6х6', 1),
	(1388, 118, 'Кнопка тактовая 6х6 высота 17 мм', 1),
	(1389, 121, 'Разъем PC ATX 2 Pin 4,2 мм белый мама+папа на плату', 1),
	(1390, 121, 'Разъем PC ATX 3 Pin 4,2 мм белый мама+папа на плату', 1),
	(1391, 28, 'LM308N', 8),
	(1392, 117, 'Кнопка с фиксацией 7х7 мм 6 pin', 1),
	(1393, 119, 'Крышка красная с прямоугольным отверстием', 1),
	(1394, 122, 'KF2510-2P 2.54mm F+M', 1),
	(1395, 122, 'KF2510-3P 2.54mm F+M', 1),
	(1396, 122, 'KF2510-4P 2.54mm F+M', 1),
	(1397, 122, 'KF2510-5P 2.54mm F+M', 1),
	(1398, 118, 'Кнопка тактовая 12х12 высота 7,3 мм с крышками', 1),
	(1399, 124, 'Болт M3x6mm 8mm нейлон', 1),
	(1400, 123, 'Гайка M3 2mm нейлон', 1),
	(1401, 125, 'M3x20mm Spacers Male-Female 20mm+6mm', 1),
	(1402, 125, 'M3x15mm Spacers Male-Female 15mm+6mm', 1),
	(1403, 125, 'M3x12mm Spacers Male-Female 10mm+6mm', 1),
	(1404, 125, 'M3x10mm Spacers Male-Female 10mm+6mm', 1),
	(1405, 125, 'M3x8mm Spacers Male-Female 10mm+6mm', 1),
	(1406, 125, 'M3x6mm Spacers Male-Female 6mm+6mm', 1),
	(1407, 126, 'Пружина 1,2 ммx10.5x46мм оцинкованная 2 крючка', 1),
	(1408, 89, 'Энкодер с кнопкой NONAME', 1),
	(1409, 118, 'Кнопка тактовая 6х6 высота 4,3 мм', 1),
	(1410, 127, 'Ручка красная 1', 1),
	(1411, 127, 'Ручка синяя 1', 1),
	(1412, 127, 'Ручка зеленая 1', 1),
	(1413, 128, 'Штыревой соединитель 2х40 шаг 2,54 прямой угол на плату', 1),
	(1414, 128, 'Штыревой соединитель 1х40 шаг 2,54 на плату', 1),
	(1415, 128, 'Штыревой соединитель 2х40 шаг 2,54 на плату', 1),
	(1416, 128, 'Гнездо 1х40 шаг 2,54 на плату', 1),
	(1417, 128, 'Гнездо 1х16 шаг 2,54 на плату', 1),
	(1418, 129, 'Вилка на плату прямая 6 pin 2.54мм BH-06 (IDC-06MS) (DS1013-06S)', 1),
	(1419, 129, 'BH-10 (DS1013-10S) (IDC-10MS), Вилка на плату прямая 10 конт. 2.54мм', 1),
	(1420, 129, 'BH-10R (DS1013-10R) (IDC-10MR), Вилка на плату угловая 10 конт. 2.54мм', 1),
	(1421, 129, 'IDC-10F (DS1016-10), Розетка 2.54мм на шлейф 10 pin с фиксатором кабеля', 1),
	(1422, 129, 'IDC-14F (DS1016-14), Розетка 2.54мм на шлейф 14 pin с фиксатором кабеля', 1),
	(1423, 129, 'BH-14 (DS1013-14S) (IDC-14MS), Вилка на плату прямая 14 конт. 2.54мм', 1),
	(1424, 128, 'Гнездо 1х2 шаг 2,54 на кабель под обжим', 1),
	(1425, 128, 'Гнездо 1х3 шаг 2,54 на кабель под обжим', 1),
	(1426, 128, 'Гнездо 1х4 шаг 2,54 на кабель под обжим', 1),
	(1427, 128, 'Гнездо 1х5 шаг 2,54 на кабель под обжим', 1),
	(1428, 128, 'Гнездо 1х10 шаг 2,54 на кабель под обжим', 1),
	(1429, 130, 'Предохранитель стеклянный трубчатый S1018 (6 А)', 1),
	(1430, 130, 'Предохранитель стеклянный трубчатый S1018 (1 А)', 1),
	(1431, 130, 'Крепление трубчатых предохранителей на плату под пайку S1050 (5х20)', 1),
	(1432, 31, 'KBU1010', 1),
	(1433, 7, '100 мкФ 16 В', 1),
	(1434, 7, '1 мкФ 50 В', 1),
	(1435, 7, '22 мкФ 63 В', 1),
	(1436, 7, '4,7 мкФ 100 В', 1),
	(1437, 7, '1000 мкФ 35 В', 1),
	(1438, 7, '4700 мкФ 25 В', 1),
	(1439, 7, '470 мкФ 63 В', 1),
	(1440, 7, '2200 мкФ 35 В', 1),
	(1441, 7, '10 мкФ 25 В', 1),
	(1442, 7, '47 мкФ 16 В', 1),
	(1443, 7, '10 мкФ 35 В', 1),
	(1444, 7, '47 мкФ 63 В', 1),
	(1445, 7, '10 мкФ 100 В', 1),
	(1446, 7, '2,2 мкФ 250 В', 1),
	(1447, 7, '1 мкФ 160 В', 1),
	(1448, 7, '220 мкФ 35 В', 1),
	(1449, 7, '470 мкФ 16 В', 1),
	(1450, 7, '100 мкФ 63 В', 1),
	(1451, 21, '2N2905A', 32),
	(1452, 94, 'AT-09 bluetoorh', 1),
	(1453, 5, '330 Ом 2 Вт', 1),
	(1454, 5, '0,1 Ом 5 Вт', 1),
	(1455, 5, '1 Ом 5 Вт', 1),
	(1456, 5, '36 Ом МЛТ-2', 1),
	(1457, 8, '50 кОм А Переменный', 1),
	(1458, 8, '33 кОм СП3-4,5М Переменный', 1),
	(1459, 8, '10 кОм В Переменный', 1),
	(1460, 8, '10 кОм РП1-90-1 Переменный', 1),
	(1461, 9, '50 Ом 3296W', 1),
	(1462, 9, '100 Ом 3296W', 1),
	(1463, 9, '470 Ом 3296W', 1),
	(1464, 9, '1 кОм 3296W', 1),
	(1465, 9, '2,2 кОм 3296W', 1),
	(1466, 9, '3,3 кОм 3296W', 1),
	(1467, 9, '4,7 кОм 3296W', 1),
	(1468, 9, '10 кОм 3296W', 1),
	(1469, 9, '22 кОм 3296W', 1),
	(1470, 9, '33 кОм 3296W', 1),
	(1471, 9, '47 кОм 3296W', 1),
	(1472, 9, '100 кОм 3296W', 1),
	(1473, 9, '220 кОм 3296W', 1),
	(1474, 9, '500 кОм 3296W', 1),
	(1475, 36, '74HC574D', 25),
	(1476, 5, '100 Ом 0,25 Вт 5%', 1),
	(1477, 131, 'KW12-3 с роликом', 1),
	(1478, 132, 'Помпа 12В DC', 1),
	(1479, 94, 'DS3231 RTC module', 1),
	(1480, 94, 'Датчик света 1', 1),
	(1481, 133, 'MG90S', 1),
	(1482, 94, 'Модуль двигателя на L298N', 1),
	(1483, 94, 'BT-06 bluetooth', 1),
	(1484, 94, 'NRF24L01+ VER:A0', 1),
	(1485, 6, '3 нФ 50 В керамический', 1),
	(1486, 97, 'DS18B20 в корпусе с проводом', 1),
	(1487, 5, '15 Ом 0,25 Вт 5%', 1),
	(1488, 5, '4,7 кОм 0,25 Вт 5%', 1),
	(1489, 5, '47 кОм 0,25 Вт 5%', 1),
	(1490, 36, '74HC574N', 15),
	(1491, 121, 'DC-5.5/2.1', 1),
	(1492, 134, 'Li-Ion 5S 16.5-21V', 1),
	(1493, 134, 'Li-Ion 1-8S Blue', 1),
	(1494, 135, 'Понижающий DC-DC на LM2596 1', 1),
	(1495, 94, 'Аудио приемник bluetooth 1', 1),
	(1496, 137, 'Отсек для аккумуляторов 18650 одиночный', 33),
	(1497, 137, 'Отсек для аккумуляторов 18650 двойной', 33),
	(1498, 135, 'Повышающий модуль (BOOST) 1-5 В 5 В 1А', 1),
	(1499, 135, 'Повышающий модуль регулир 2А 2-24 В 5-28В', 1),
	(1500, 138, 'Модуль зарядного устройства 18650 1А LI-ION', 1),
	(1501, 121, 'JS-910B', 1),
	(1502, 139, 'XH2.54-2P 2.54 F', 1),
	(1503, 139, 'XH2.54-3P 2.54 F', 1),
	(1504, 139, 'XH2.54-4P 2.54 F', 1),
	(1505, 139, 'XH2.54-5P 2.54 F', 1),
	(1506, 139, 'XH2.54-2P 2.54 M', 1),
	(1507, 139, 'XH2.54-3P 2.54 M', 1),
	(1508, 139, 'XH2.54-4P 2.54 M', 1),
	(1509, 139, 'XH2.54-5P 2.54 M', 1),
	(1510, 97, 'BMP280', 1),
	(1511, 7, '1 мкФ 50 В', 34),
	(1512, 7, '2,2 мкФ 50 В', 34),
	(1513, 7, '33 мкФ 50 В', 35),
	(1514, 7, '47 мкФ 35 В', 3),
	(1515, 7, '68 мкФ 35 В', 35),
	(1516, 7, '100 мкФ 25 В', 36),
	(1517, 7, '220 мкФ 16 В', 35),
	(1518, 7, '330 мкФ 10 В', 35),
	(1519, 7, '470 мкФ 10 В', 37),
	(1520, 94, 'Плата microSD', 1),
	(1521, 29, 'M1', 38),
	(1522, 29, 'M4', 38),
	(1523, 29, 'M7', 38),
	(1524, 140, 'SS14', 38),
	(1525, 140, 'SS24', 39),
	(1526, 140, 'SS26', 39),
	(1527, 140, 'SS34', 40),
	(1528, 140, 'SS310', 40),
	(1529, 29, 'S1M', 38),
	(1530, 29, 'S2M', 39),
	(1531, 128, 'Гнездо 1х8 шаг 2,54 с проводом', 1),
	(1532, 12, 'BD237', 41),
	(1533, 94, 'STM32F407VET6 board', 1),
	(1534, 5, '100 Ом 0,5 Вт 5%', 2),
	(1535, 90, '8 Мгц', 42);
/*!40000 ALTER TABLE `component` ENABLE KEYS */;

-- Дамп структуры для таблица catalog.datasheet
DROP TABLE IF EXISTS `datasheet`;
CREATE TABLE IF NOT EXISTS `datasheet` (
  `id` int(10) unsigned NOT NULL AUTO_INCREMENT,
  `File` int(10) unsigned NOT NULL DEFAULT '0',
  `Component` int(10) unsigned NOT NULL DEFAULT '0',
  PRIMARY KEY (`id`),
  KEY `FK_datasheet_file` (`File`),
  KEY `FK_datasheet_component` (`Component`),
  CONSTRAINT `FK_datasheet_component` FOREIGN KEY (`Component`) REFERENCES `component` (`id`),
  CONSTRAINT `FK_datasheet_file` FOREIGN KEY (`File`) REFERENCES `file` (`id`)
) ENGINE=InnoDB AUTO_INCREMENT=35 DEFAULT CHARSET=utf8;

-- Дамп данных таблицы catalog.datasheet: ~25 rows (приблизительно)
/*!40000 ALTER TABLE `datasheet` DISABLE KEYS */;
INSERT INTO `datasheet` (`id`, `File`, `Component`) VALUES
	(8, 10, 1208),
	(10, 11, 1208),
	(11, 12, 1208),
	(12, 13, 1208),
	(13, 14, 1210),
	(14, 15, 958),
	(15, 16, 1376),
	(16, 17, 1451),
	(17, 18, 1451),
	(19, 19, 1451),
	(20, 20, 1093),
	(21, 21, 1479),
	(22, 22, 1384),
	(23, 23, 1384),
	(24, 24, 1240),
	(25, 25, 1239),
	(26, 25, 1486),
	(27, 26, 1261),
	(28, 27, 1259),
	(29, 28, 1212),
	(30, 29, 1213),
	(31, 30, 1475),
	(32, 30, 1490),
	(33, 31, 1532),
	(34, 32, 1383);
/*!40000 ALTER TABLE `datasheet` ENABLE KEYS */;

-- Дамп структуры для таблица catalog.detail
DROP TABLE IF EXISTS `detail`;
CREATE TABLE IF NOT EXISTS `detail` (
  `id` int(10) unsigned NOT NULL AUTO_INCREMENT,
  `component` int(10) unsigned NOT NULL,
  `count` float unsigned NOT NULL DEFAULT '0',
  `price` float unsigned NOT NULL DEFAULT '0',
  `place` int(10) unsigned NOT NULL DEFAULT '8',
  PRIMARY KEY (`id`),
  KEY `FK_detail_component` (`component`),
  KEY `FK_detail_place` (`place`),
  CONSTRAINT `FK_detail_component` FOREIGN KEY (`component`) REFERENCES `component` (`id`),
  CONSTRAINT `FK_detail_place` FOREIGN KEY (`place`) REFERENCES `place` (`id`)
) ENGINE=InnoDB AUTO_INCREMENT=616 DEFAULT CHARSET=utf8;

-- Дамп данных таблицы catalog.detail: ~37 rows (приблизительно)
/*!40000 ALTER TABLE `detail` DISABLE KEYS */;
INSERT INTO `detail` (`id`, `component`, `count`, `price`, `place`) VALUES
	(8, 960, 20, 0, 18),
	(9, 962, 20, 1, 20),
	(10, 961, 20, 1, 19),
	(11, 963, 20, 1, 21),
	(12, 964, 20, 1, 22),
	(13, 965, 20, 1, 23),
	(14, 966, 20, 1, 24),
	(15, 967, 20, 1, 25),
	(16, 968, 20, 0, 26),
	(17, 969, 20, 0, 27),
	(18, 970, 19, 0, 28),
	(19, 971, 16, 0, 29),
	(20, 972, 20, 0, 30),
	(21, 973, 19, 0, 31),
	(22, 975, 4, 0, 32),
	(23, 976, 19, 0, 33),
	(24, 977, 20, 0, 34),
	(25, 978, 20, 0, 35),
	(27, 980, 20, 0, 36),
	(28, 981, 19, 0, 37),
	(29, 982, 20, 0, 38),
	(30, 983, 10, 0, 39),
	(31, 984, 10, 0, 40),
	(32, 985, 10, 0, 41),
	(33, 986, 19, 0, 42),
	(34, 987, 20, 0, 43),
	(35, 988, 1, 0, 44),
	(36, 989, 19, 1, 46),
	(37, 990, 20, 0, 47),
	(38, 991, 20, 1, 48),
	(39, 992, 20, 0, 49),
	(40, 993, 20, 0, 50),
	(41, 994, 20, 0, 51),
	(42, 995, 20, 0, 57),
	(43, 996, 20, 0, 58),
	(44, 997, 20, 0, 59),
	(45, 998, 13, 0, 60),
	(46, 999, 19, 0, 61),
	(47, 1000, 20, 0, 62),
	(48, 1001, 20, 0, 63),
	(49, 1002, 19, 0, 64),
	(50, 1003, 20, 0, 65),
	(51, 1004, 19, 0, 66),
	(52, 1005, 20, 0, 67),
	(53, 1006, 20, 0, 68),
	(54, 1007, 20, 0, 69),
	(55, 1008, 20, 0, 70),
	(56, 1009, 20, 0, 71),
	(57, 1010, 20, 0, 72),
	(58, 1011, 10, 0, 73),
	(59, 1012, 10, 0, 74),
	(60, 1013, 10, 0, 75),
	(61, 1014, 10, 0, 76),
	(62, 1015, 10, 0, 77),
	(63, 1016, 10, 0, 78),
	(64, 1017, 10, 0, 79),
	(65, 1018, 10, 0, 80),
	(66, 911, 9, 0, 81),
	(67, 1019, 10, 0, 82),
	(68, 1020, 8, 0, 83),
	(69, 912, 12, 0, 84),
	(70, 1021, 19, 0, 85),
	(71, 913, 10, 0, 86),
	(72, 1022, 5, 0, 87),
	(73, 1023, 10, 0, 88),
	(74, 1024, 1, 0, 56),
	(75, 1025, 1, 0, 56),
	(76, 1026, 2, 0, 56),
	(77, 1027, 5, 0, 56),
	(78, 1028, 2, 0, 56),
	(79, 1029, 1, 0, 56),
	(80, 1030, 2, 0, 56),
	(81, 1031, 2, 0, 56),
	(82, 1032, 18, 0, 95),
	(83, 1033, 20, 0, 96),
	(84, 1034, 20, 0, 97),
	(85, 1035, 20, 0, 98),
	(86, 1036, 20, 0, 99),
	(87, 1037, 19, 0, 100),
	(88, 1038, 8, 0, 101),
	(89, 1039, 15, 0, 102),
	(90, 1040, 29, 0, 103),
	(91, 1041, 20, 0, 104),
	(92, 1042, 26, 0, 105),
	(93, 1043, 9, 0, 106),
	(94, 730, 10, 0, 106),
	(95, 1044, 20, 0, 107),
	(96, 1045, 18, 0, 108),
	(97, 1046, 20, 0, 109),
	(98, 1047, 20, 0, 110),
	(99, 1048, 17, 0, 111),
	(100, 1049, 20, 0, 112),
	(101, 1050, 17, 0, 114),
	(102, 1051, 19, 0, 113),
	(103, 1052, 20, 0, 115),
	(104, 914, 10, 0, 116),
	(105, 1053, 10, 0, 117),
	(106, 1054, 10, 0, 118),
	(107, 915, 10, 0, 119),
	(108, 1055, 10, 0, 120),
	(109, 1056, 10, 0, 121),
	(110, 916, 10, 0, 122),
	(111, 1057, 10, 0, 123),
	(112, 917, 10, 0, 124),
	(113, 1058, 9, 0, 125),
	(114, 909, 19, 0, 126),
	(115, 920, 10, 0, 127),
	(116, 921, 10, 0, 129),
	(117, 1059, 10, 0, 128),
	(118, 1060, 4, 0, 94),
	(119, 1061, 20, 0, 131),
	(120, 1062, 20, 0, 132),
	(121, 1063, 20, 0, 133),
	(122, 1064, 20, 0, 134),
	(123, 1065, 20, 0, 135),
	(124, 1066, 20, 0, 136),
	(125, 1067, 19, 0, 138),
	(126, 1068, 17, 0, 139),
	(127, 1069, 20, 0, 140),
	(128, 1070, 18, 0, 141),
	(129, 1071, 14, 0, 142),
	(130, 1072, 20, 0, 145),
	(131, 1073, 19, 0, 146),
	(132, 1074, 19, 0, 147),
	(133, 1075, 21, 0, 148),
	(134, 1076, 18, 0, 149),
	(135, 1077, 20, 0, 150),
	(136, 1078, 20, 0, 151),
	(137, 1079, 20, 0, 152),
	(138, 1080, 20, 0, 153),
	(139, 1081, 20, 0, 154),
	(140, 1082, 10, 0, 157),
	(141, 1083, 10, 0, 158),
	(142, 1084, 10, 0, 159),
	(143, 1085, 10, 0, 160),
	(144, 923, 7, 0, 161),
	(145, 1086, 10, 0, 162),
	(146, 1087, 10, 0, 163),
	(147, 1088, 10, 0, 164),
	(148, 1089, 10, 0, 165),
	(149, 1090, 10, 0, 166),
	(150, 1091, 10, 0, 167),
	(151, 1092, 10, 0, 168),
	(152, 1093, 96, 0, 169),
	(153, 1094, 20, 0, 172),
	(154, 1095, 19, 0, 173),
	(155, 1096, 20, 0, 174),
	(156, 1097, 20, 0, 175),
	(157, 1098, 0, 0, 176),
	(158, 1099, 20, 0, 177),
	(159, 1100, 20, 0, 178),
	(160, 1101, 20, 0, 179),
	(162, 1102, 20, 0, 180),
	(163, 1103, 20, 0, 183),
	(164, 1104, 20, 0, 184),
	(165, 1105, 20, 0, 185),
	(166, 1106, 20, 0, 186),
	(167, 1107, 18, 0, 187),
	(168, 1108, 20, 0, 188),
	(169, 1109, 20, 0, 189),
	(170, 1110, 20, 0, 190),
	(171, 1111, 20, 0, 191),
	(172, 1112, 20, 0, 192),
	(173, 1113, 10, 0, 194),
	(174, 1114, 10, 0, 195),
	(175, 1115, 10, 0, 196),
	(176, 1116, 10, 0, 197),
	(177, 1117, 10, 0, 198),
	(178, 1118, 10, 0, 199),
	(179, 924, 17, 0, 200),
	(180, 1119, 20, 0, 201),
	(181, 1120, 17, 0, 204),
	(182, 1121, 20, 0, 205),
	(183, 1122, 20, 0, 206),
	(184, 1123, 19, 0, 207),
	(185, 1124, 20, 0, 208),
	(186, 1125, 20, 0, 209),
	(187, 1126, 8, 0, 210),
	(188, 720, 13, 0, 210),
	(189, 1127, 20, 0, 211),
	(190, 1128, 19, 0, 212),
	(191, 1129, 20, 0, 213),
	(192, 1129, 20, 0, 213),
	(193, 1130, 20, 0, 216),
	(194, 1131, 18, 0, 217),
	(195, 1132, 20, 0, 218),
	(196, 1133, 20, 0, 219),
	(197, 1134, 20, 0, 220),
	(198, 1135, 20, 0, 221),
	(199, 1136, 20, 0, 222),
	(200, 1137, 20, 0, 223),
	(201, 1138, 19, 0, 224),
	(202, 1139, 17, 0, 226),
	(203, 1140, 20, 0, 227),
	(204, 1141, 20, 0, 228),
	(205, 1142, 10, 0, 229),
	(206, 925, 11, 0, 230),
	(207, 1143, 18, 0, 231),
	(208, 926, 10, 0, 233),
	(209, 1144, 5, 0, 232),
	(210, 1145, 20, 0, 236),
	(211, 1146, 20, 0, 237),
	(212, 1147, 19, 0, 238),
	(213, 1148, 20, 0, 239),
	(214, 1149, 19, 0, 240),
	(215, 1150, 20, 0, 241),
	(216, 1151, 19, 0, 242),
	(217, 1152, 20, 0, 243),
	(218, 1153, 30, 0, 244),
	(219, 1154, 20, 0, 245),
	(220, 1155, 20, 0, 248),
	(221, 1156, 20, 0, 249),
	(222, 1157, 20, 0, 250),
	(223, 1158, 20, 0, 251),
	(224, 1159, 20, 0, 252),
	(225, 1160, 19, 0, 253),
	(226, 1161, 20, 0, 254),
	(227, 1162, 20, 0, 255),
	(228, 1163, 20, 0, 256),
	(229, 1164, 20, 0, 257),
	(230, 1165, 20, 0, 259),
	(231, 1166, 18, 0, 260),
	(232, 1167, 20, 0, 261),
	(233, 1168, 20, 0, 262),
	(234, 1169, 20, 0, 263),
	(235, 1170, 20, 0, 264),
	(236, 1171, 20, 0, 265),
	(237, 1172, 20, 0, 266),
	(238, 1173, 20, 0, 269),
	(239, 1174, 20, 0, 270),
	(240, 1175, 21, 0, 271),
	(241, 1176, 20, 0, 272),
	(242, 1177, 19, 0, 273),
	(243, 1178, 20, 0, 274),
	(244, 1179, 15, 0, 275),
	(245, 1180, 8, 0, 276),
	(246, 1181, 19, 0, 277),
	(247, 1182, 20, 0, 278),
	(248, 1183, 27, 0, 281),
	(249, 1184, 19, 0, 282),
	(250, 1185, 20, 0, 283),
	(251, 1186, 20, 0, 284),
	(252, 1187, 20, 0, 285),
	(253, 1188, 20, 0, 286),
	(254, 1189, 20, 0, 287),
	(255, 1190, 19, 0, 288),
	(256, 1191, 19, 0, 289),
	(257, 1192, 20, 0, 290),
	(258, 1193, 1, 0, 292),
	(259, 1194, 1, 0, 291),
	(260, 1195, 1, 0, 291),
	(261, 1196, 1, 0, 291),
	(262, 1197, 10, 0, 295),
	(263, 1198, 5, 0, 296),
	(264, 1199, 8, 0, 297),
	(265, 1200, 1, 0, 298),
	(266, 1201, 17, 0, 299),
	(267, 1202, 32, 0, 300),
	(268, 1203, 10, 0, 301),
	(269, 1204, 5, 0, 304),
	(270, 1205, 2, 0, 303),
	(271, 1206, 1, 0, 306),
	(272, 1207, 16, 0, 307),
	(273, 1208, 7, 0, 308),
	(274, 1209, 4, 0, 309),
	(275, 1210, 10, 0, 310),
	(276, 1211, 5, 0, 311),
	(277, 1212, 9, 0, 312),
	(278, 1213, 9, 0, 313),
	(279, 1214, 10, 0, 314),
	(280, 1215, 10, 0, 315),
	(281, 1216, 10, 0, 316),
	(282, 1217, 10, 0, 317),
	(283, 1218, 5, 0, 318),
	(284, 1219, 5, 0, 319),
	(285, 1220, 5, 0, 320),
	(286, 1221, 5, 0, 321),
	(287, 1222, 5, 0, 322),
	(288, 1223, 5, 0, 323),
	(289, 1224, 5, 0, 324),
	(290, 1225, 5, 0, 325),
	(291, 1226, 5, 0, 326),
	(292, 1227, 5, 0, 327),
	(293, 1228, 5, 0, 328),
	(294, 1229, 5, 0, 329),
	(295, 1230, 5, 0, 330),
	(296, 1231, 5, 0, 331),
	(297, 1232, 8, 0, 332),
	(298, 1233, 5, 0, 333),
	(299, 1234, 5, 0, 334),
	(300, 1235, 5, 0, 335),
	(301, 1236, 5, 0, 336),
	(302, 1237, 5, 0, 337),
	(303, 1238, 6, 0, 471),
	(304, 1239, 2, 0, 339),
	(305, 1240, 2, 0, 340),
	(306, 1242, 3, 0, 342),
	(307, 1241, 3, 0, 341),
	(308, 1243, 1, 0, 343),
	(309, 1244, 0, 0, 344),
	(310, 1245, 1, 0, 345),
	(311, 1246, 18, 0, 347),
	(312, 1247, 1, 0, 348),
	(313, 1248, 3, 0, 349),
	(314, 1249, 1, 0, 350),
	(315, 1250, 8, 0, 351),
	(316, 1251, 1, 0, 352),
	(317, 1252, 3, 0, 353),
	(318, 1253, 2, 0, 354),
	(319, 1254, 10, 0, 355),
	(320, 1255, 3, 0, 356),
	(321, 1256, 1, 0, 357),
	(322, 1257, 1, 0, 358),
	(323, 1258, 2, 0, 359),
	(324, 1259, 5, 0, 360),
	(325, 1260, 1, 0, 361),
	(326, 1261, 1, 0, 362),
	(327, 1262, 1, 0, 362),
	(328, 1263, 3, 0, 363),
	(329, 1264, 2, 0, 364),
	(330, 1265, 10, 0, 365),
	(331, 1266, 5, 0, 366),
	(332, 1267, 2, 0, 367),
	(333, 1268, 1, 0, 368),
	(334, 1269, 1, 0, 369),
	(335, 1270, 4, 0, 370),
	(336, 1271, 4, 0, 371),
	(337, 1272, 1, 0, 372),
	(338, 1273, 1, 0, 373),
	(339, 1274, 1, 0, 373),
	(340, 1275, 1, 0, 373),
	(341, 1276, 2, 0, 374),
	(342, 1277, 3, 0, 374),
	(343, 1278, 2, 0, 374),
	(344, 1279, 99, 0, 376),
	(345, 1280, 50, 0, 376),
	(346, 1281, 50, 0, 376),
	(347, 1282, 50, 0, 376),
	(348, 1283, 50, 0, 376),
	(349, 1284, 50, 0, 377),
	(350, 1285, 50, 0, 377),
	(351, 1286, 50, 0, 377),
	(352, 1287, 50, 0, 377),
	(353, 1288, 50, 0, 377),
	(354, 1289, 50, 0, 377),
	(355, 1290, 50, 0, 378),
	(356, 1291, 50, 0, 378),
	(357, 1292, 50, 0, 378),
	(358, 1293, 50, 0, 378),
	(359, 1294, 50, 0, 378),
	(360, 1295, 60, 0, 378),
	(361, 1296, 50, 0, 379),
	(362, 1297, 50, 0, 379),
	(363, 1298, 60, 0, 379),
	(364, 1299, 50, 0, 379),
	(366, 1300, 50, 0, 379),
	(367, 1301, 50, 0, 379),
	(368, 1302, 58, 0, 380),
	(369, 1303, 47, 0, 380),
	(370, 1304, 60, 0, 380),
	(371, 1305, 50, 0, 380),
	(372, 1306, 50, 0, 380),
	(373, 1307, 60, 0, 380),
	(374, 1308, 50, 0, 381),
	(375, 1309, 50, 0, 381),
	(376, 1310, 106, 0, 381),
	(377, 1311, 50, 0, 381),
	(378, 1312, 60, 0, 381),
	(379, 1313, 50, 0, 382),
	(380, 1314, 50, 0, 382),
	(381, 1315, 50, 0, 382),
	(382, 1316, 50, 0, 382),
	(383, 1317, 49, 0, 382),
	(384, 1318, 50, 0, 382),
	(385, 1319, 50, 0, 383),
	(386, 1320, 105, 0, 383),
	(387, 1321, 50, 0, 383),
	(388, 1322, 60, 0, 383),
	(389, 1323, 50, 0, 383),
	(390, 1324, 50, 0, 384),
	(391, 1325, 50, 0, 384),
	(392, 1326, 46, 0, 384),
	(393, 1327, 50, 0, 384),
	(394, 1328, 50, 0, 384),
	(395, 1329, 50, 0, 384),
	(396, 1330, 49, 0, 385),
	(397, 1331, 25, 0, 385),
	(398, 1332, 25, 0, 385),
	(399, 1333, 22, 0, 385),
	(400, 1334, 25, 0, 385),
	(401, 1335, 25, 0, 385),
	(402, 1336, 25, 0, 385),
	(403, 1337, 25, 0, 385),
	(404, 1338, 25, 0, 385),
	(405, 1339, 25, 0, 385),
	(406, 1340, 25, 0, 385),
	(407, 1341, 25, 0, 386),
	(408, 1342, 25, 0, 387),
	(409, 1343, 98, 0, 387),
	(410, 1344, 50, 0, 387),
	(411, 1345, 50, 0, 387),
	(412, 1346, 25, 0, 387),
	(413, 1347, 25, 0, 387),
	(414, 1348, 25, 0, 387),
	(415, 1349, 47, 0, 388),
	(416, 1350, 25, 0, 388),
	(417, 1351, 25, 0, 388),
	(418, 1352, 25, 0, 388),
	(419, 1353, 25, 0, 388),
	(420, 1354, 25, 0, 388),
	(421, 1355, 23, 0, 388),
	(422, 1357, 76, 0, 388),
	(423, 1358, 48, 0, 389),
	(424, 1359, 49, 0, 389),
	(425, 1360, 200, 0.34, 391),
	(426, 1361, 87, 0, 392),
	(427, 1212, 35, 0.95, 393),
	(428, 1362, 35, 0.95, 393),
	(429, 1363, 35, 0.95, 393),
	(430, 1208, 35, 0.95, 393),
	(431, 1213, 35, 0.95, 393),
	(432, 1364, 35, 0.95, 393),
	(433, 1365, 35, 0.95, 393),
	(434, 1366, 35, 0.95, 393),
	(435, 1367, 35, 0.95, 393),
	(436, 1368, 35, 0.95, 393),
	(437, 1369, 35, 0.95, 393),
	(438, 1370, 35, 0.95, 393),
	(439, 1371, 35, 0.95, 393),
	(440, 1372, 35, 0.95, 393),
	(441, 1373, 35, 0.95, 393),
	(442, 1374, 35, 0.95, 393),
	(443, 1375, 35, 0.95, 393),
	(444, 958, 35, 0.95, 393),
	(445, 1376, 35, 0.95, 393),
	(446, 1377, 35, 0.95, 393),
	(447, 1378, 35, 0.95, 393),
	(448, 1379, 35, 0.95, 393),
	(449, 1380, 35, 0.95, 393),
	(450, 1381, 35, 0.95, 393),
	(452, 1382, 10, 12.2, 394),
	(453, 1383, 9, 10.56, 395),
	(454, 1384, 1, 98.04, 471),
	(455, 1385, 0, 0, 471),
	(456, 1386, 24, 2.1, 396),
	(457, 1387, 50, 1.3, 397),
	(458, 1388, 7, 0, 398),
	(459, 1389, 13, 14.7, 399),
	(460, 1390, 10, 17.6, 400),
	(461, 1391, 10, 7.45, 401),
	(462, 1392, 30, 0, 402),
	(463, 1393, 9, 0, 403),
	(464, 1394, 8, 0, 404),
	(465, 1395, 9, 0, 404),
	(466, 1396, 10, 0, 404),
	(467, 1397, 5, 0, 404),
	(468, 1398, 21, 7.9, 405),
	(469, 1399, 60, 1.56, 406),
	(470, 1400, 60, 1.56, 406),
	(471, 1401, 10, 1.56, 406),
	(472, 1402, 10, 1.56, 406),
	(473, 1403, 10, 1.56, 406),
	(474, 1404, 10, 1.56, 406),
	(475, 1405, 10, 1.56, 406),
	(476, 1406, 10, 1.56, 406),
	(477, 1407, 2, 0, 407),
	(478, 1408, 10, 0, 408),
	(479, 1409, 14, 0, 409),
	(480, 1410, 5, 0, 410),
	(481, 1411, 4, 0, 410),
	(482, 1412, 2, 0, 410),
	(483, 1413, 1, 0, 411),
	(484, 1414, 18, 0, 411),
	(485, 1415, 3, 0, 411),
	(486, 1416, 3, 0, 411),
	(487, 1417, 3, 0, 411),
	(488, 1418, 18, 0, 411),
	(489, 1419, 4, 0, 411),
	(490, 1420, 2, 0, 411),
	(491, 1421, 4, 0, 411),
	(492, 1422, 2, 0, 411),
	(493, 1423, 2, 0, 411),
	(494, 1424, 8, 0, 411),
	(495, 1425, 32, 0, 411),
	(496, 1426, 9, 0, 411),
	(497, 1427, 5, 0, 411),
	(498, 1428, 4, 0, 411),
	(499, 1429, 8, 0, 411),
	(500, 1430, 10, 0, 411),
	(501, 1431, 20, 0, 411),
	(502, 1432, 10, 0, 412),
	(503, 956, 2, 0, 421),
	(504, 1433, 1, 0, 422),
	(505, 1434, 4, 0, 423),
	(506, 1435, 7, 0, 424),
	(507, 1436, 8, 0, 425),
	(508, 1437, 4, 0, 426),
	(509, 1438, 3, 0, 427),
	(510, 1439, 8, 0, 428),
	(511, 1440, 3, 0, 429),
	(512, 1441, 0, 0, 430),
	(513, 1442, 6, 0, 431),
	(514, 1443, 1, 0, 432),
	(515, 1444, 8, 0, 433),
	(516, 1445, 5, 0, 434),
	(517, 1447, 9, 0, 436),
	(518, 1448, 6, 0, 437),
	(519, 1449, 5, 0, 438),
	(520, 1450, 9, 0, 439),
	(521, 929, 5, 0, 441),
	(522, 933, 5, 0, 442),
	(523, 942, 0, 0, 443),
	(524, 1451, 3, 57, 444),
	(525, 1452, 1, 111.34, 471),
	(526, 1453, 5, 0, 446),
	(527, 1454, 3, 0, 447),
	(528, 1455, 2, 0, 448),
	(529, 1456, 14, 0, 449),
	(530, 1457, 1, 0, 451),
	(531, 1458, 1, 0, 450),
	(532, 1459, 2, 0, 452),
	(533, 1460, 2, 0, 453),
	(534, 1461, 2, 0, 454),
	(535, 1462, 2, 0, 455),
	(536, 1463, 1, 0, 456),
	(537, 1464, 0, 0, 457),
	(538, 1465, 3, 0, 458),
	(539, 1466, 6, 0, 459),
	(540, 1467, 4, 0, 460),
	(541, 1468, 8, 0, 461),
	(542, 1469, 4, 0, 462),
	(543, 1470, 2, 0, 463),
	(544, 1471, 8, 0, 464),
	(545, 1472, 3, 0, 465),
	(546, 1473, 2, 0, 466),
	(547, 1474, 3, 0, 467),
	(548, 1475, 2, 0, 468),
	(549, 1476, 6, 0, 469),
	(550, 1477, 20, 8.11, 470),
	(551, 1478, 1, 448.54, 8),
	(552, 1479, 2, 63.26, 471),
	(553, 1480, 2, 38.81, 471),
	(554, 1481, 2, 111.34, 471),
	(555, 1482, 1, 63.62, 471),
	(556, 1483, 1, 161.6, 471),
	(557, 1484, 8, 0, 471),
	(558, 1485, 10, 0, 472),
	(559, 1486, 1, 0, 471),
	(560, 1487, 13, 0, 473),
	(561, 1488, 16, 0, 474),
	(562, 1489, 9, 0, 475),
	(563, 1380, 4, 0, 476),
	(564, 1490, 7, 0, 477),
	(565, 958, 1, 0, 478),
	(566, 1024, 0, 19, 56),
	(567, 1491, 2, 72.23, 411),
	(568, 1492, 2, 119.75, 471),
	(569, 1493, 2, 99.7, 471),
	(570, 1494, 5, 50.11, 471),
	(571, 1495, 1, 103.08, 471),
	(572, 1496, 2, 48.9, 471),
	(573, 1497, 2, 127.28, 471),
	(574, 1498, 2, 73.12, 471),
	(575, 1499, 1, 170.35, 471),
	(576, 1500, 1, 21.78, 471),
	(577, 1501, 10, 7.35, 411),
	(578, 1502, 10, 2.54, 479),
	(579, 1503, 10, 2.54, 479),
	(580, 1504, 10, 2.54, 479),
	(581, 1505, 10, 2.54, 479),
	(582, 1506, 10, 2.54, 479),
	(583, 1507, 10, 2.54, 479),
	(584, 1508, 10, 2.54, 479),
	(585, 1509, 10, 2.54, 479),
	(586, 1510, 2, 38.3, 471),
	(587, 1511, 30, 3, 480),
	(588, 1512, 30, 3, 480),
	(589, 942, 20, 3, 480),
	(590, 1513, 20, 3, 480),
	(591, 1514, 20, 3, 480),
	(592, 1515, 20, 3, 480),
	(593, 1516, 20, 3, 480),
	(594, 1517, 20, 3, 480),
	(595, 1518, 10, 3, 480),
	(596, 1519, 10, 3, 480),
	(597, 1520, 2, 33.4, 471),
	(598, 1521, 50, 1.53, 481),
	(599, 1522, 50, 1.53, 481),
	(600, 1523, 50, 1.53, 481),
	(601, 1524, 50, 1.53, 481),
	(602, 1525, 50, 1.53, 481),
	(603, 1526, 50, 1.53, 481),
	(604, 1527, 50, 1.53, 481),
	(605, 1528, 50, 1.53, 481),
	(606, 1529, 50, 1.53, 481),
	(607, 1530, 50, 1.53, 481),
	(608, 1500, 3, 30.33, 471),
	(609, 1531, 10, 29.42, 482),
	(610, 1532, 12, 3.3, 483),
	(611, 1384, 2, 140.05, 471),
	(612, 1533, 1, 825.65, 471),
	(613, 372, 106, 0.34, 386),
	(614, 1534, 101, 0.62, 386),
	(615, 1535, 9, 7.96, 484);
/*!40000 ALTER TABLE `detail` ENABLE KEYS */;

-- Дамп структуры для таблица catalog.file
DROP TABLE IF EXISTS `file`;
CREATE TABLE IF NOT EXISTS `file` (
  `id` int(10) unsigned NOT NULL AUTO_INCREMENT,
  `Name` text NOT NULL,
  `Path` text NOT NULL,
  PRIMARY KEY (`id`)
) ENGINE=InnoDB AUTO_INCREMENT=33 DEFAULT CHARSET=utf8;

-- Дамп данных таблицы catalog.file: ~23 rows (приблизительно)
/*!40000 ALTER TABLE `file` DISABLE KEYS */;
INSERT INTO `file` (`id`, `Name`, `Path`) VALUES
	(10, '2N5401.pdf', 'E:\\3Books\\[Электроника]DATASHEETS\\2\\2N5401.pdf'),
	(11, '2N5401(Sam).PDF', 'E:\\3Books\\[Электроника]DATASHEETS\\2\\2N5401(Sam).PDF'),
	(12, '2N5401_3.pdf', 'E:\\3Books\\[Электроника]DATASHEETS\\2\\2N5401_3.pdf'),
	(13, '2n5401_UTC.pdf', 'E:\\3Books\\[Электроника]DATASHEETS\\2\\2n5401_UTC.pdf'),
	(14, 'BC856.PDF', 'E:\\3Books\\[Электроника]DATASHEETS\\b\\BC856.PDF'),
	(15, 'BC547B.pdf', 'E:\\3Books\\[Электроника]DATASHEETS\\b\\BC547B.pdf'),
	(16, 'BC548.pdf', 'E:\\3Books\\[Электроника]DATASHEETS\\b\\BC548.pdf'),
	(17, '2N2905.pdf', 'E:\\3Books\\[Электроника]DATASHEETS\\2\\2N2905.pdf'),
	(18, '2N2905A.PDF', 'E:\\3Books\\[Электроника]DATASHEETS\\2\\2N2905A.PDF'),
	(19, '2N2905A_2N2907A.pdf', 'E:\\3Books\\[Электроника]DATASHEETS\\2\\2N2905A_2N2907A.pdf'),
	(20, '2N7002.pdf', 'E:\\3Books\\[Электроника]DATASHEETS\\2\\2N7002.pdf'),
	(21, 'DS3231.pdf', 'E:\\3Books\\[Электроника]DATASHEETS\\d\\DS3231.pdf'),
	(22, 'STM32F103x8_xB.pdf', 'E:\\3Books\\[Электроника]DATASHEETS\\s\\STM32F1\\STM32F103\\STM32F103x8_xB.pdf'),
	(23, 'STM32F10X_Reference_manual.pdf', 'E:\\3Books\\[Электроника]DATASHEETS\\s\\STM32F1\\STM32F10X_Reference_manual.pdf'),
	(24, 'dht11.pdf', 'E:\\3Books\\[Электроника]DATASHEETS\\d\\dht11.pdf'),
	(25, 'DS18B20.PDF', 'E:\\3Books\\[Электроника]DATASHEETS\\d\\DS18B20.PDF'),
	(26, 'ATTiny2313.pdf', 'E:\\3Books\\[Электроника]DATASHEETS\\a\\ATTiny2313.pdf'),
	(27, 'attiny2313a-su.pdf', 'E:\\3Books\\[Электроника]DATASHEETS\\a\\attiny2313a-su.pdf'),
	(28, '2N2222A_diotec.pdf', 'E:\\3Books\\[Электроника]DATASHEETS\\2\\2N2222A_diotec.pdf'),
	(29, '2N5551.pdf', 'E:\\3Books\\[Электроника]DATASHEETS\\2\\2N5551.pdf'),
	(30, '74hc574.pdf', 'E:\\3Books\\[Электроника]DATASHEETS\\7\\74hc574.pdf'),
	(31, 'BD237.pdf', 'E:\\3Books\\[Электроника]DATASHEETS\\b\\BD237.pdf'),
	(32, 'LM338.pdf', 'E:\\3Books\\[Электроника]DATASHEETS\\l\\LM338.pdf');
/*!40000 ALTER TABLE `file` ENABLE KEYS */;

-- Дамп структуры для таблица catalog.package
DROP TABLE IF EXISTS `package`;
CREATE TABLE IF NOT EXISTS `package` (
  `id` int(10) unsigned NOT NULL AUTO_INCREMENT,
  `Name` text NOT NULL,
  `Picture` text,
  PRIMARY KEY (`id`)
) ENGINE=InnoDB AUTO_INCREMENT=43 DEFAULT CHARSET=utf8;

-- Дамп данных таблицы catalog.package: ~41 rows (приблизительно)
/*!40000 ALTER TABLE `package` DISABLE KEYS */;
INSERT INTO `package` (`id`, `Name`, `Picture`) VALUES
	(1, 'N/A', NULL),
	(2, '1206', NULL),
	(3, '0605', NULL),
	(4, '0806', NULL),
	(5, '0805', NULL),
	(6, 'TO-220', NULL),
	(7, 'TO-92', 'e:\\1Projects\\Catalog\\Packages\\TO92.jpg'),
	(8, 'DIP8', NULL),
	(9, 'DIP24', NULL),
	(10, 'DIP48', NULL),
	(11, 'DIP10', NULL),
	(12, '5050', NULL),
	(14, 'DIP16', NULL),
	(15, 'DIP20', NULL),
	(16, 'SOD123', NULL),
	(17, 'SOT-23', NULL),
	(18, 'DO-41', NULL),
	(19, 'DO-35', NULL),
	(20, 'SOIC-8', NULL),
	(21, 'DIP40', NULL),
	(22, 'SO-8', NULL),
	(23, 'LQFP-32', NULL),
	(24, 'SSOP-28', NULL),
	(25, 'SO-20', NULL),
	(26, 'DIP-28', NULL),
	(27, 'TO-218-5', NULL),
	(28, 'SO-16', NULL),
	(29, 'SOT-89', NULL),
	(30, 'SOT-223', NULL),
	(31, 'MSO-10', NULL),
	(32, 'TO-39', NULL),
	(33, '18650', NULL),
	(34, '0405', NULL),
	(35, '0607', NULL),
	(36, '0608', NULL),
	(37, '0810', NULL),
	(38, 'SMA', NULL),
	(39, 'SMB', NULL),
	(40, 'SMC', NULL),
	(41, 'TO-126', NULL),
	(42, 'HC-49S', NULL);
/*!40000 ALTER TABLE `package` ENABLE KEYS */;

-- Дамп структуры для таблица catalog.place
DROP TABLE IF EXISTS `place`;
CREATE TABLE IF NOT EXISTS `place` (
  `id` int(10) unsigned NOT NULL AUTO_INCREMENT,
  `Name` text NOT NULL,
  `ParentId` int(10) unsigned NOT NULL DEFAULT '0',
  PRIMARY KEY (`id`)
) ENGINE=InnoDB AUTO_INCREMENT=485 DEFAULT CHARSET=utf8;

-- Дамп данных таблицы catalog.place: ~474 rows (приблизительно)
/*!40000 ALTER TABLE `place` DISABLE KEYS */;
INSERT INTO `place` (`id`, `Name`, `ParentId`) VALUES
	(2, '11', 9),
	(3, '12', 9),
	(4, '13', 9),
	(5, '14', 9),
	(6, '15', 9),
	(7, '16', 9),
	(8, 'N/A', 1),
	(9, '11-86', 1),
	(18, '11/1', 2),
	(19, '11/2', 2),
	(20, '11/3', 2),
	(21, '11/4', 2),
	(22, '11/5', 2),
	(23, '11/6', 2),
	(24, '11/7', 2),
	(25, '11/8', 2),
	(26, '12/1', 3),
	(27, '12/2', 3),
	(28, '12/3', 3),
	(29, '12/4', 3),
	(30, '13/1', 4),
	(31, '13/2', 4),
	(32, '13/3', 4),
	(33, '13/4', 4),
	(34, '14/1', 5),
	(35, '14/2', 5),
	(36, '14/3', 5),
	(37, '14/4', 5),
	(38, '14/5', 5),
	(39, '15/1', 6),
	(40, '15/2', 6),
	(41, '15/3', 6),
	(42, '15/4', 6),
	(43, '15/5', 6),
	(44, '16/1', 7),
	(45, '21', 9),
	(46, '21/1', 45),
	(47, '21/2', 45),
	(48, '21/3', 45),
	(49, '21/4', 45),
	(50, '21/5', 45),
	(51, '21/6', 45),
	(52, '22', 9),
	(53, '23', 9),
	(54, '24', 9),
	(55, '25', 9),
	(56, '26', 9),
	(57, '22/1', 52),
	(58, '22/2', 52),
	(59, '22/3', 52),
	(60, '22/4', 52),
	(61, '22/5', 52),
	(62, '23/1', 53),
	(63, '23/2', 53),
	(64, '23/3', 53),
	(65, '23/4', 53),
	(66, '23/5', 53),
	(67, '23/6', 53),
	(68, '24/1', 54),
	(69, '24/2', 54),
	(70, '24/3', 54),
	(71, '24/4', 54),
	(72, '24/5', 54),
	(73, '25/1', 55),
	(74, '25/2', 55),
	(75, '25/3', 55),
	(76, '25/4', 55),
	(77, '25/5', 55),
	(78, '25/6', 55),
	(79, '25/7', 55),
	(80, '25/8', 55),
	(81, '25/9', 55),
	(82, '25/10', 55),
	(83, '25/11', 55),
	(84, '25/12', 55),
	(85, '25/13', 55),
	(86, '25/14', 55),
	(87, '26/1', 56),
	(88, '26/2', 56),
	(89, '31', 9),
	(90, '32', 9),
	(91, '33', 9),
	(92, '34', 9),
	(93, '35', 9),
	(94, '36', 9),
	(95, '31/1', 89),
	(96, '31/2', 89),
	(97, '31/3', 89),
	(98, '31/4', 89),
	(99, '31/5', 89),
	(100, '31/6', 89),
	(101, '32/1', 90),
	(102, '32/2', 90),
	(103, '32/3', 90),
	(104, '32/4', 90),
	(105, '32/5', 90),
	(106, '33/1', 91),
	(107, '33/2', 91),
	(108, '33/3', 91),
	(109, '33/4', 91),
	(110, '33/5', 91),
	(111, '34/1', 92),
	(112, '34/2', 92),
	(113, '34/4', 92),
	(114, '34/3', 92),
	(115, '34/5', 92),
	(116, '35/1', 93),
	(117, '35/2', 93),
	(118, '35/3', 93),
	(119, '35/4', 93),
	(120, '35/5', 93),
	(121, '35/6', 93),
	(122, '35/7', 93),
	(123, '35/8', 93),
	(124, '35/9', 93),
	(125, '35/10', 93),
	(126, '35/11', 93),
	(127, '35/12', 93),
	(128, '35/14', 93),
	(129, '35/13', 93),
	(130, '41', 9),
	(131, '41/1', 130),
	(132, '41/2', 130),
	(133, '41/3', 130),
	(134, '41/4', 130),
	(135, '41/5', 130),
	(136, '41/6', 130),
	(137, '42', 9),
	(138, '42/1', 137),
	(139, '42/2', 137),
	(140, '42/3', 137),
	(141, '42/4', 137),
	(142, '42/5', 137),
	(143, '43', 9),
	(144, '44', 9),
	(145, '43/1', 143),
	(146, '43/2', 143),
	(147, '43/3', 143),
	(148, '43/4', 143),
	(149, '43/5', 143),
	(150, '44/1', 144),
	(151, '44/2', 144),
	(152, '44/3', 144),
	(153, '44/4', 144),
	(154, '44/5', 144),
	(155, '45', 9),
	(156, '46', 9),
	(157, '45/1', 155),
	(158, '45/2', 155),
	(159, '45/3', 155),
	(160, '45/4', 155),
	(161, '45/5', 155),
	(162, '45/6', 155),
	(163, '45/7', 155),
	(164, '45/8', 155),
	(165, '45/9', 155),
	(166, '45/10', 155),
	(167, '45/11', 155),
	(168, '45/12', 155),
	(169, '46/1', 156),
	(170, '51', 9),
	(171, '52', 9),
	(172, '51/1', 170),
	(173, '51/2', 170),
	(174, '51/3', 170),
	(175, '51/4', 170),
	(176, '52/1', 171),
	(177, '52/2', 171),
	(178, '52/3', 171),
	(179, '52/4', 171),
	(180, '52/5', 171),
	(181, '53', 9),
	(182, '54', 9),
	(183, '53/1', 181),
	(184, '53/2', 181),
	(185, '53/3', 181),
	(186, '53/4', 181),
	(187, '53/5', 181),
	(188, '54/1', 182),
	(189, '54/2', 182),
	(190, '54/3', 182),
	(191, '54/4', 182),
	(192, '54/5', 182),
	(193, '55', 9),
	(194, '55/1', 193),
	(195, '55/2', 193),
	(196, '55/3', 193),
	(197, '55/4', 193),
	(198, '55/5', 193),
	(199, '55/6', 193),
	(200, '55/7', 193),
	(201, '55/8', 193),
	(202, '61', 9),
	(203, '62', 9),
	(204, '61/1', 202),
	(205, '61/2', 202),
	(206, '61/3', 202),
	(207, '61/4', 202),
	(208, '61/5', 202),
	(209, '62/1', 203),
	(210, '62/2', 203),
	(211, '62/3', 203),
	(212, '62/4', 203),
	(213, '62/5', 203),
	(214, '63', 9),
	(215, '64', 9),
	(216, '63/1', 214),
	(217, '63/2', 214),
	(218, '63/3', 214),
	(219, '63/4', 214),
	(220, '64/1', 215),
	(221, '64/2', 215),
	(222, '64/3', 215),
	(223, '64/4', 215),
	(224, '64/5', 215),
	(225, '65', 9),
	(226, '65/1', 225),
	(227, '65/2', 225),
	(228, '65/3', 225),
	(229, '65/4', 225),
	(230, '65/5', 225),
	(231, '65/6', 225),
	(232, '65/7', 225),
	(233, '65/8', 225),
	(234, '71', 9),
	(235, '72', 9),
	(236, '71/1', 234),
	(237, '71/2', 234),
	(238, '71/3', 234),
	(239, '71/4', 234),
	(240, '71/5', 234),
	(241, '72/1', 235),
	(242, '72/2', 235),
	(243, '72/3', 235),
	(244, '72/4', 235),
	(245, '72/5', 235),
	(246, '73', 9),
	(247, '74', 9),
	(248, '73/1', 246),
	(249, '73/2', 246),
	(250, '73/3', 246),
	(251, '73/4', 246),
	(252, '73/5', 246),
	(253, '74/1', 247),
	(254, '74/2', 247),
	(255, '74/3', 247),
	(256, '74/4', 247),
	(257, '74/5', 247),
	(258, '75', 9),
	(259, '75/1', 258),
	(260, '75/2', 258),
	(261, '75/3', 258),
	(262, '75/4', 258),
	(263, '75/5', 258),
	(264, '75/6', 258),
	(265, '75/7', 258),
	(266, '75/8', 258),
	(267, '81', 9),
	(268, '82', 9),
	(269, '81/1', 267),
	(270, '81/2', 267),
	(271, '81/3', 267),
	(272, '81/4', 267),
	(273, '81/5', 267),
	(274, '82/1', 268),
	(275, '82/2', 268),
	(276, '82/3', 268),
	(277, '82/4', 268),
	(278, '82/5', 268),
	(279, '83', 9),
	(280, '84', 9),
	(281, '83/1', 279),
	(282, '83/2', 279),
	(283, '83/3', 279),
	(284, '83/4', 279),
	(285, '83/5', 279),
	(286, '84/1', 280),
	(287, '84/2', 280),
	(288, '84/3', 280),
	(289, '84/4', 280),
	(290, '84/5', 280),
	(291, '85', 9),
	(292, '85/1', 291),
	(293, 'A1-A4', 1),
	(294, 'A1', 293),
	(295, 'A1/1', 294),
	(296, 'A1/2', 294),
	(297, 'A1/3', 294),
	(298, 'A1/4', 294),
	(299, 'A1/5', 294),
	(300, 'A1/6', 294),
	(301, 'A1/7', 294),
	(303, 'A1/8', 294),
	(304, 'A1/9', 294),
	(305, 'A2', 293),
	(306, 'A2/1', 305),
	(307, 'A2/2', 305),
	(308, 'A2/3', 305),
	(309, 'A2/4', 305),
	(310, 'A2/5', 305),
	(311, 'A2/6', 305),
	(312, 'A2/7', 305),
	(313, 'A2/8', 305),
	(314, 'A2/9', 305),
	(315, 'A2/10', 305),
	(316, 'A2/11', 305),
	(317, 'A2/12', 305),
	(318, 'A2/13', 305),
	(319, 'A2/14', 305),
	(320, 'A2/15', 305),
	(321, 'A2/16', 305),
	(322, 'A2/17', 305),
	(323, 'A2/18', 305),
	(324, 'A2/19', 305),
	(325, 'A2/20', 305),
	(326, 'A2/21', 305),
	(327, 'A2/22', 305),
	(328, 'A2/23', 305),
	(329, 'A2/24', 305),
	(330, 'A2/25', 305),
	(331, 'A2/26', 305),
	(332, 'A2/27', 305),
	(333, 'A2/28', 305),
	(334, 'A2/29', 305),
	(335, 'A2/30', 305),
	(336, 'A2/31', 305),
	(337, 'A2/32', 305),
	(338, 'A3', 293),
	(339, 'A3/1', 338),
	(340, 'A3/2', 338),
	(341, 'A3/3', 338),
	(342, 'A3/4', 338),
	(343, 'A3/5', 338),
	(344, 'A3/6', 338),
	(345, 'A3/7', 338),
	(346, 'A4', 293),
	(347, 'A4/1', 346),
	(348, 'A4/2', 346),
	(349, 'A4/3', 346),
	(350, 'A3/8', 338),
	(351, 'A3/9', 338),
	(352, 'A3/10', 338),
	(353, 'A3/11', 338),
	(354, 'A3/12', 338),
	(355, 'A3/13', 338),
	(356, 'A3/14', 338),
	(357, 'A3/15', 338),
	(358, 'A3/16', 338),
	(359, 'A3/17', 338),
	(360, 'A3/18', 338),
	(361, 'A4/4', 346),
	(362, 'A4/5', 346),
	(363, 'A4/6', 346),
	(364, 'A3/19', 338),
	(365, 'A3/20', 338),
	(366, 'A3/21', 338),
	(367, 'A3/22', 338),
	(368, 'A3/23', 338),
	(369, 'A4/7', 346),
	(370, 'A4/8', 346),
	(371, 'A4/9', 346),
	(372, 'A4/10', 346),
	(373, 'A4/11', 346),
	(374, 'A4/12', 346),
	(375, 'B1', 1),
	(376, 'B1/1', 375),
	(377, 'B1/2', 375),
	(378, 'B1/3', 375),
	(379, 'B1/4', 375),
	(380, 'B1/5', 375),
	(381, 'B1/6', 375),
	(382, 'B1/7', 375),
	(383, 'B1/8', 375),
	(384, 'B1/9', 375),
	(385, 'B1/10', 375),
	(386, 'B1/11', 375),
	(387, 'B1/12', 375),
	(388, 'B1/13', 375),
	(389, 'B1/14', 375),
	(390, 'A5', 1),
	(391, 'A5/1', 390),
	(392, 'A5/2', 390),
	(393, 'V1', 1),
	(394, 'A1/10', 294),
	(395, 'A1/11', 294),
	(396, 'A5/3', 390),
	(397, 'A5/4', 390),
	(398, 'A5/5', 390),
	(399, 'A5/6', 390),
	(400, 'A5/7', 390),
	(401, 'A3/24', 338),
	(402, 'A5/8', 390),
	(403, 'A5/9', 390),
	(404, 'A5/10', 390),
	(405, 'A5/11', 390),
	(406, 'A5/12', 390),
	(407, 'A5/13', 390),
	(408, 'A5/14', 390),
	(409, 'A5/15', 390),
	(410, 'A5/16', 390),
	(411, 'X1', 1),
	(412, 'A2/33', 305),
	(413, 'C1', 1),
	(414, 'C1/1', 413),
	(415, 'C1/2', 413),
	(416, 'C1/3', 413),
	(417, 'C1/4', 413),
	(418, 'C1/5', 413),
	(419, 'C1/6', 413),
	(420, 'C1/7', 413),
	(421, 'C1/7/1', 420),
	(422, 'C1/2/1', 415),
	(423, 'C1/2/2', 415),
	(424, 'C1/2/3', 415),
	(425, 'C1/2/4', 415),
	(426, 'C1/1/1', 414),
	(427, 'C1/1/2', 414),
	(428, 'C1/1/3', 414),
	(429, 'C1/1/4', 414),
	(430, 'C1/2/5', 415),
	(431, 'C1/2/6', 415),
	(432, 'C1/2/7', 415),
	(433, 'C1/3/1', 416),
	(434, 'C1/3/2', 416),
	(435, 'C1/3/3', 416),
	(436, 'C1/3/4', 416),
	(437, 'C1/4/1', 417),
	(438, 'C1/4/2', 417),
	(439, 'C1/4/3', 417),
	(440, 'C1/8', 413),
	(441, 'C1/8/1', 440),
	(442, 'C1/8/2', 440),
	(443, 'C1/8/3', 440),
	(444, 'A1/12', 294),
	(445, '100', 1),
	(446, '100/1', 445),
	(447, '100/2', 445),
	(448, '100/3', 445),
	(449, '100/4', 445),
	(450, '100/5', 445),
	(451, '100/6', 445),
	(452, '100/7', 445),
	(453, '100/8', 445),
	(454, '100/9', 445),
	(455, '100/10', 445),
	(456, '100/11', 445),
	(457, '100/12', 445),
	(458, '100/13', 445),
	(459, '100/14', 445),
	(460, '100/15', 445),
	(461, '100/16', 445),
	(462, '100/17', 445),
	(463, '100/18', 445),
	(464, '100/19', 445),
	(465, '100/20', 445),
	(466, '100/21', 445),
	(467, '100/22', 445),
	(468, 'A3/25', 338),
	(469, '22/6', 52),
	(470, 'A5/17', 390),
	(471, 'MOD1', 1),
	(472, '55/9', 193),
	(473, '41/7', 130),
	(474, '13/5', 4),
	(475, '63/5', 214),
	(476, 'A2/34', 305),
	(477, 'A3/26', 338),
	(478, 'A1/13', 294),
	(479, 'A5/18', 390),
	(480, 'C2', 1),
	(481, 'D1', 1),
	(482, 'X2', 1),
	(483, 'A2/35', 305),
	(484, '66', 9);
/*!40000 ALTER TABLE `place` ENABLE KEYS */;

-- Дамп структуры для таблица catalog.type
DROP TABLE IF EXISTS `type`;
CREATE TABLE IF NOT EXISTS `type` (
  `id` int(10) unsigned NOT NULL AUTO_INCREMENT,
  `Name` text NOT NULL,
  `ParentId` int(10) unsigned NOT NULL DEFAULT '1',
  PRIMARY KEY (`id`)
) ENGINE=InnoDB AUTO_INCREMENT=141 DEFAULT CHARSET=utf8;

-- Дамп данных таблицы catalog.type: ~78 rows (приблизительно)
/*!40000 ALTER TABLE `type` DISABLE KEYS */;
INSERT INTO `type` (`id`, `Name`, `ParentId`) VALUES
	(2, 'Резисторы', 1),
	(3, 'Конденсаторы', 1),
	(5, 'Резисторы постоянные', 2),
	(6, 'Конденсаторы постоянные', 3),
	(7, 'Конденсаторы электролитические', 3),
	(8, 'Резисторы переменные', 2),
	(9, 'Резисторы подстроечные', 2),
	(10, 'Диоды', 1),
	(11, 'Транзисторы', 1),
	(12, 'Транзистор NPN', 11),
	(21, 'Транзистор PNP', 11),
	(24, 'Транзисторы MOSFET', 11),
	(25, 'Терморезисторы', 2),
	(26, 'Индуктивности и дроссели', 1),
	(27, 'Микросхемы', 1),
	(28, 'Операционные усилители', 27),
	(29, 'Диоды выпрямительные', 10),
	(30, 'Стабилитроны', 10),
	(31, 'Диодные мосты', 10),
	(32, 'Микроконтроллеры', 27),
	(33, 'Микроконтроллеры STM32', 32),
	(34, 'Микроконтроллеры STM8', 32),
	(35, 'Микроконтроллеры Atmel', 32),
	(36, 'Логика', 27),
	(83, 'Конденсаторы танталовые', 3),
	(88, 'Коммутация', 1),
	(89, 'Энкодеры', 88),
	(90, 'Кварцевые резонаторы', 1),
	(91, 'N-Channel MOSFET', 24),
	(92, 'Фотодиоды', 10),
	(93, 'Таймеры / Часы реального времени', 27),
	(94, 'Платы и модули', 1),
	(95, 'Платы переходники', 94),
	(96, 'Датчики', 1),
	(97, 'Датчики температуры/влажности/давления', 96),
	(98, 'Стабилизаторы напряжения', 1),
	(99, 'Стабилизаторы напряжения регулируемые', 98),
	(100, 'ШИМ-контроллеры', 27),
	(101, 'Аналоговые мультиплексоры', 27),
	(102, 'Цифровые потенциометры', 27),
	(103, 'ЦАП', 27),
	(104, 'ИОН', 27),
	(105, 'Инструментальные усилители', 27),
	(106, 'DC-DC преобразователи', 27),
	(107, 'Контроллеры интерфейсов', 27),
	(108, 'Драйверы нагрузки', 88),
	(109, 'DDS', 27),
	(110, 'Контроллеры ШД', 27),
	(111, 'Драйверы электродвигателей', 27),
	(112, 'Микросхемы памяти', 27),
	(113, 'Метизы', 1),
	(114, 'Подложки диэлектрические', 113),
	(115, 'Ножки', 113),
	(116, 'Кнопки', 88),
	(117, 'Кнопки с фиксацией', 116),
	(118, 'Кнопки без фиксации', 116),
	(119, 'Крышки для кнопок', 113),
	(120, 'Разъемы', 1),
	(121, 'Силовые разъемы', 120),
	(122, 'Разъемы KF2510', 120),
	(123, 'Гайки', 113),
	(124, 'Болты', 113),
	(125, 'Стойки', 113),
	(126, 'Пружины', 113),
	(127, 'Ручки для резисторов / энкодеров', 113),
	(128, 'Разъемы штыревые', 120),
	(129, 'Разъемы IDC', 120),
	(130, 'Предохранители', 88),
	(131, 'Концевые выключатели', 88),
	(132, 'Моторы и механика', 1),
	(133, 'Сервоприводы', 132),
	(134, 'Измерители напряжения аккумуляторов', 94),
	(135, 'Преобразователи напряжения', 94),
	(136, 'Источники питания', 1),
	(137, 'Крепление аккумуляторов и батареек', 136),
	(138, 'Зарядные модули', 94),
	(139, 'XH2_54', 120),
	(140, 'Диоды Шоттки', 10);
/*!40000 ALTER TABLE `type` ENABLE KEYS */;

/*!40101 SET SQL_MODE=IFNULL(@OLD_SQL_MODE, '') */;
/*!40014 SET FOREIGN_KEY_CHECKS=IF(@OLD_FOREIGN_KEY_CHECKS IS NULL, 1, @OLD_FOREIGN_KEY_CHECKS) */;
/*!40101 SET CHARACTER_SET_CLIENT=@OLD_CHARACTER_SET_CLIENT */;
